soil_ph,soil_moisture,temperature,humidity,rainfall,nitrogen,phosphorus,potassium,electrical_conductivity,health_status
5.99816047538945,68.07842371503159,22.21812499743875,39.17953031925472,54.67688747762889,94.27340403011686,36.36650725494968,64.89397901944895,0.576691642999593,0
8.302857225639665,16.721084152116106,14.15135666542953,67.10703209456597,39.74997852602783,32.41022707367161,16.518934252664096,112.46885540707882,3.5899913843852556,2
7.42797576724562,16.548648607029808,24.288866846856962,42.04257309991604,274.64026103204543,123.41129323612594,49.06396826381054,74.16662009873693,1.1837795742703432,0
6.894633936788146,37.652715340467886,21.336524851901807,48.11179910247736,73.23605456923758,89.7051110790014,14.571784494683758,69.22226055860764,0.675618454522549,1
5.124074561769746,49.205023328326604,32.31361919205028,44.21613702103291,249.9500432767172,30.436504862404053,84.38893057357247,59.993100625089234,3.114794771620317,1
5.123978081344811,68.92851924654553,30.173377483580712,41.884455691473114,172.49664390999803,135.10394747255688,20.60426832518741,33.021653768313186,3.595744515294689,1
4.732334448672798,62.830676362455364,22.9378118459262,83.67121185144336,41.79982549045549,77.38751023359168,26.485098095848947,10.40916268998651,3.755316526371373,1
7.96470458309974,46.21318944637238,18.5367766276497,48.57099189795787,287.5254936026589,19.47679874331515,39.56410478522248,36.56568495416674,2.4740367306424,1
6.904460046972835,34.15386663971661,41.64107898466776,90.26304582118921,89.1491267577299,91.48827757395874,37.568979827525695,66.06954887639216,1.3214727387599412,0
7.332290311184182,84.79871501103977,25.620048635883446,93.04522414743741,260.7006966987298,42.91585791166533,72.54634585382057,51.79559474857278,3.448910708999307,1
4.58233797718321,44.83269115651811,32.648227073407114,67.13193054591133,67.26680161967798,114.48014874404932,43.7869297468318,59.33337508028972,3.2988523086173487,1
8.379639408647977,46.59709170307728,16.21658902735082,39.29507297327221,259.1040069997188,116.31686956360478,19.515302100283634,117.87130415204545,1.485082936412693,1
7.829770563201687,26.453667483416844,26.567690989781934,54.34563581967278,23.704067613482316,137.26315626110605,27.712841116316298,48.52996077362604,4.1136310234511715,1
5.349356442713105,70.63666841249506,12.826101596083964,81.8525971176339,163.29852783945458,75.24303903318548,48.27463774093937,59.74012332961187,0.917485832331316,1
5.2272998688284025,63.55775580470421,27.1636535373135,53.88039736530958,235.4439222380359,69.14439436460583,17.533582981221464,24.686710648810152,4.430752958365303,1
5.233618039413735,30.453872895213227,40.92052221353107,35.65611918968127,281.7427448979793,107.95182870804248,56.9907324299112,15.27535056806864,3.9409912439098584,2
5.716968971838151,20.76667319310899,23.526201389574005,66.19101921033221,274.5765981378164,27.221185324450452,53.088521056847405,95.2950466051744,3.251594581916301,2
6.599025726528952,62.63495114522992,13.169880377247347,84.93285534724225,249.49496347334056,81.09901679310614,65.7496968924919,72.77514925791765,4.254999553119331,0
6.227780074568463,60.815784999679465,12.928673727580305,81.73521516432766,268.69357790516517,81.01218801701063,84.70489230724625,93.67752866482846,3.389244673294831,0
5.664916560792168,34.12816688987465,23.639602798406084,41.38300410847296,75.78151203438142,21.63150596535034,82.54163769359823,26.48490787752068,1.2618279881201837,1
6.947411578889518,81.56044935752873,16.80074809389582,73.72969993681033,99.57160279928405,64.33793111589875,85.41642753585066,72.90116483009601,2.268624552451247,0
5.057975442608168,25.574052424663016,12.700562889845578,44.33277712331706,100.91118697789638,120.92702381373626,25.800825747014578,37.900672177551314,0.7860120973265414,2
5.668578594140873,45.26343607298213,34.68640841850531,44.183489745891194,125.57510068047567,121.29997085930583,16.183051064345143,35.08679985900219,2.0586296891524616,1
5.965447373174767,81.05311441173193,25.75569026645672,86.81466526483703,130.12978770785284,22.90089643955853,30.69351954219812,11.267861545828378,3.4664120789488346,2
6.324279936868144,44.38091218482856,20.677343159179635,46.22848192811496,172.47549090330915,21.793714757218012,81.08223968513674,24.33747959259791,2.0457734037232695,0
7.640703845572054,59.69681633648599,39.002495490494425,47.11107752367073,64.76633374260359,44.150412010251586,87.6245453429965,44.01949226496649,1.8211767018725364,1
5.2986951286334385,42.831607857395596,15.484168806015768,30.042470399484472,213.549065860077,123.71958813201915,78.04262084099047,22.856663665003296,2.8814228900412475,2
6.556937753654447,34.1950641644069,40.67756486865957,86.59348721815866,66.91863100526182,26.757336059554863,14.351506295841206,118.44442844520313,3.98881811599558,2
6.86965827544817,83.87843535718798,21.419001521320585,81.51866285859376,106.8863749892733,103.59958434156802,85.53137983508242,43.94959133763457,0.6903327701844497,1
4.685801650879991,43.65338044205301,38.65211016926044,70.77638078089407,160.93663656972313,23.151530549703416,40.985432324816806,24.3356341372561,2.0418817387989416,2
6.9301794076057535,77.58694425753941,30.088286294383845,78.76727465602474,243.00335722657366,91.0079209872173,5.791374714800063,31.89905441107535,1.1329629672610508,1
5.182096494749166,31.09682241237603,36.80122079224462,39.88315688259197,227.05138530684363,56.28874888548882,42.60346796359646,74.64735511756241,3.2814170029274785,2
4.760206371941118,29.917329281755833,41.52039489631393,59.7910336481924,200.74961979494623,112.55881518556271,8.915879422414745,17.044787625126737,0.9228982417245395,2
8.295542149013333,17.179385801915796,20.65216313456237,52.82926017767076,63.61651296244764,40.37975834729727,51.22962329869499,104.86775431552726,3.159231034320978,2
8.362528132298237,60.61667777631195,40.83406456222779,36.09547420670607,173.17269677236175,93.09623782069478,33.777092332149365,115.7649647160862,1.6447234831916293,1
7.733589392465845,40.796844060663275,23.68445684707261,61.59848153897006,44.485020503967924,40.638729494865046,45.24196935549414,37.1422162734119,1.2956672549488988,0
5.718455076693482,75.50507748877459,23.565357142107672,89.8480772722713,125.66168950306222,102.77583680458,57.11948066316495,59.51047954499453,4.2454102312999416,0
4.8906884560255355,48.124693468409,22.21161312763517,32.60384273829514,135.78462848118858,123.57814449289734,78.84809314451472,12.434789613244678,0.5740983069838235,1
7.236932106048627,82.77353995403053,28.242228220427556,48.9449593770966,31.14720304481107,26.484233886478805,61.26163400011393,80.47812471999437,2.2511090875582758,1
6.260609974958405,27.98678609921848,16.624351295354614,43.490160853370725,96.7166678515921,122.65743951741545,41.89415382064536,55.531866385784774,0.5865079698471751,0
4.988152939379115,75.80362175689275,28.611344560740335,45.47953248827026,287.581850834617,87.16478307385873,74.65136756198103,39.70643127117113,2.434372192417316,1
6.480707640445081,69.36177969542192,28.25114437230012,89.04824587215938,287.01713019231306,26.524363812713116,81.97448169371624,32.752082167826934,2.504189511177673,1
4.637554084460874,68.96452912508364,34.8570543781461,60.42448852522886,118.651575190711,65.58044119676256,15.179597146736764,81.94253854246365,1.786649885578988,1
8.137281608315128,74.13482596818213,37.00949885812757,60.30946184108822,32.068030505530736,30.911838153062725,50.214303091987276,55.78387341355459,1.0286471101000947,2
5.535119926400068,68.27167936600992,25.21324050937272,79.43741675959335,70.14658301189084,101.04522555265403,29.183516578107753,29.762521793290322,2.0055501509379012,0
7.150089137415928,58.835422514199074,21.069997480544814,40.041993260320176,129.82098216139124,108.65285747433346,9.000201819540528,85.80199896355064,3.189051759730264,1
5.746844304357644,24.18714143776713,19.780046919512834,61.6722480165033,285.37831543138435,23.753547635463864,61.82646908468875,72.1579511340363,3.6295832345778365,2
6.580272084711243,17.276832564387632,17.838715101146157,57.94903891786888,59.53573779041178,75.79818085030377,78.33551608403417,104.45392604224458,2.6230024095525692,1
6.686841117373119,79.45934934709808,13.729427465970746,68.79919488553264,233.78443622709943,115.90125728336923,18.846725630578494,22.92234887641422,2.8593375777590224,2
5.239417822102109,58.16552201645166,22.273439365041398,94.97125071127851,50.43111102491378,131.70119540162955,74.05516089803155,96.42332621389018,1.3024654844986108,0
8.378338511058235,70.75761036833234,20.107430763923496,80.01417811533307,294.75212166955754,76.7573226764301,77.53863735064004,84.0868465498985,1.6493213329105978,0
7.600531293444458,48.706564605878505,40.99252157599222,55.86127069613276,126.85261975055779,133.53629906948294,82.7189376266511,22.65120305109076,1.1475824402094337,1
8.257995766256757,23.211573227367616,28.731264787501317,83.79094839781305,237.0656708917357,79.63956615928387,27.549232572314455,86.43028028588928,1.4971814000184454,1
8.079309401710596,23.763005454178533,22.418311170915224,41.09604361531121,115.9255031871169,61.244764297988034,81.83601054114058,58.570201776781346,1.399547120902127,1
6.89159991524434,62.989570106028,29.41402802981088,31.980139610082407,195.74728560446644,120.26640671187641,32.256334152596736,113.94832641114274,2.5777951455649504,0
8.187496940092467,45.12141264296239,16.175901040370867,43.28914421017775,73.76450372721028,74.08775235955157,51.94873114371774,25.577248567968923,2.7507550231629176,1
4.853970008207678,29.03673086902357,25.321312476066087,52.12675114742687,60.88588540314951,71.347326373388,9.293135020743982,80.71167298973118,4.279789683286018,2
5.283931449676581,49.41161827190058,30.787029642631914,63.18774923487139,282.65795907907676,73.74062362327768,8.729892511343206,52.01780500092406,1.2822825884060922,1
4.680909155642152,19.494625595259386,26.66693495377354,69.98339413517799,276.94123781324134,120.0820502430669,66.23172308223724,115.24961376499655,3.0667028406459838,1
5.801321323053058,55.73799813400792,24.053364019629726,89.18937161893741,268.4913032596071,118.15240041944678,42.78079812811224,46.297238481930414,3.7690370759500915,0
6.0547091587579285,33.82953831045684,41.815451666990946,63.14051062077975,195.12136604664616,62.45759901722746,26.784851906383494,115.84045004409802,2.74096585513221,1
5.585396127095583,70.82913704460317,38.409442864467806,62.58291690067241,246.3150991405579,53.32898178316825,21.185147162117367,109.1634436210824,1.5200146100043028,1
7.814950036607717,36.72533712465017,30.702178744783204,33.26579563849384,39.33034233518498,73.9506431250868,61.94604672303353,39.74215588417219,1.5502009200800009,1
5.927013306774358,46.86541043572608,29.081320835468482,32.26925092265455,113.74093172939016,84.46042626582417,5.034131242153889,98.38959545090705,0.6570122122839996,1
5.623738038749523,15.813437793567044,30.61981439473752,65.82539752456418,107.83687493200374,40.9838373816396,73.5007493817326,119.51646219838565,1.7217769061939268,1
6.670784332632994,20.071282145619122,18.039363234672997,58.48160986114239,197.98069014673172,113.21416101302678,11.73621652104395,37.79293023884106,3.4784147160135204,2
5.063696899899051,42.47454894846794,23.85413229792956,84.54672567371941,119.66817657177934,73.24275954521497,21.276617267190154,58.04548862556516,0.6900710288284415,1
7.708787923016159,48.595718430198644,13.18378598672698,40.444173006269935,61.58189886023062,53.425921294594744,37.830093600422614,67.21988102234357,1.3771811300193226,1
4.798202574719083,57.00143836835126,26.2663811246048,31.623158037608224,187.01078111579224,23.88672908531878,46.21299287586881,42.44242493842508,3.3249299941271278,1
8.44754774640207,35.416380509651226,28.290737518729895,59.18751991545818,248.0274977873428,41.0498708524689,35.174584844185055,11.679132361063274,3.6306062512915065,2
7.58897907718663,63.64873202885798,18.832492083096287,45.43610618889674,126.9945784487925,133.40655232827788,32.26053402366498,34.214216861727934,2.3212736402477137,1
5.29486272613669,75.20856780324432,40.92086541496541,33.22493426702444,57.035240227574874,49.66295928653846,86.93286102622102,41.01305727759343,3.2922973539145954,2
4.52208846849441,69.5895692225345,39.28363832811726,77.09888864509588,75.07269524759045,31.95170761771459,59.53427290568851,58.79596714500059,2.051808674619568,1
7.761845713819337,17.773317774385,33.664297063677175,37.253544997221084,86.49532544742752,69.88746291514911,6.991801206227998,28.821272625474204,1.13965298009651,2
7.3274293753904685,48.63548630804802,28.001598862960876,69.54076750050515,103.97132603847014,49.92140663683233,41.564952217766624,106.057979236084,2.092597974091626,0
7.416028672163949,22.34511248927224,38.099074789430546,48.26823376084779,199.98261974176657,14.57070253525524,79.37573947823746,87.54022460044698,2.8198712808125714,2
7.5850813867437825,31.943151110376924,15.919570314703886,41.27724327307643,188.26473567056132,52.008878246324244,30.623775844906778,19.37205253156282,4.292213127411561,2
4.796178606936362,84.06638152870025,35.71529382824655,54.68384898975563,214.90236123877096,80.73412111213091,13.037289305823,81.51016962539245,0.7750038083547093,2
5.933862914177091,24.974688003105925,15.744624419005449,82.09397545449198,121.5005556688237,81.7226083625957,69.46270558514301,81.90221240461824,2.5295763753798424,1
4.963476238100519,49.922170741594925,35.82631987648216,55.486082498797224,250.71934252639392,56.35265975299553,56.51117571456691,115.18432910079905,1.8156791128428975,1
7.9524137035023745,58.270901402268336,20.273027047540708,78.80002719871862,77.14454512361287,68.14935831283807,53.47656316525283,10.332295849177736,2.533246777106778,1
6.993192507310232,64.17254793808728,38.31271743054567,38.1566092919448,151.3314093050831,135.51732937051963,9.554007566629673,37.27256947863879,0.5959017895061267,1
5.823592099410597,54.175407844083985,40.32126281476194,80.23014227823015,244.26284203160048,59.05530203994051,16.942415832618973,112.0570627312847,1.7521014188063253,1
4.754233401144095,15.683959319342856,16.46387908215347,45.400666118932165,70.4444213651334,43.56948572379779,57.91669867811467,112.53473069381114,3.77947259010802,2
5.743929286862649,37.85229157707943,25.880268151961808,74.03055344277672,50.76167184741922,41.65071572867882,22.665026524001043,89.26450613077012,2.71576693541855,1
5.800733288106988,51.2398150369298,41.42962134488055,66.77580106466476,267.43151095263715,69.50939965153745,47.84595677861607,94.2339653152294,2.3023299712644696,0
7.418424713352256,21.150654940138335,26.502223079194398,90.39440661875967,116.02030557257486,108.73761933320273,51.31494331249844,20.063125372261183,1.6421002868613583,1
7.050229885420853,39.543885184642654,37.90642567543635,55.17596366839541,211.48363497452897,36.77846394450152,29.09811117302985,66.5263418256057,1.6921700911654236,1
8.048850970305306,17.32421761539566,29.661945663939594,34.30073727423863,27.097609193902773,102.20849652829985,85.61613822102689,35.474129041789936,2.032405734362338,1
6.388859700647798,20.500494800851452,23.259897237588056,31.245106560831438,213.21312875464588,12.749477035424118,76.60944908102388,29.9339847974979,3.8422828398582416,1
4.978376983753207,42.78462933411173,20.573506665776108,83.74580646322894,108.50836723315174,64.46128713791299,66.40174814878787,99.13336290356658,4.3688528272330736,0
7.35297914889198,24.290102783014227,18.096692732582618,64.10781644799309,35.60743900448369,110.86245847636229,11.629478644799772,24.85419503486022,2.254621525401498,1
7.54314019446759,54.72785937830907,34.85394574133092,80.3908633692717,190.74757323347276,54.035284250676085,14.021051641266652,61.55168006960238,2.0734113549910473,1
6.745108790277985,63.2625478396086,23.596215204690836,45.23766400074845,87.4250685004885,83.28582318790193,46.88641439852123,113.24360635446364,3.8862031032794513,0
7.583868719818244,71.0410689376358,27.338263866022537,52.43044345836019,128.3060277745264,36.64730026736841,18.66063468123378,30.44152611218768,2.2076212825452144,1
6.475182385457563,29.010517097136706,26.769764400035456,31.956751693735733,42.56262744022381,106.4594008464024,88.1525644000053,117.57927661120581,2.708072689182605,0
6.590931317527977,26.723780758134883,29.31837087699394,92.49700109731728,61.20571030658469,16.79628342493875,18.474219892329803,119.3716784337165,1.4237666583949777,1
6.210164073434198,22.31974882340802,37.96731436873657,73.41141393555287,103.43362593883626,120.83054383381504,46.43476601443779,71.11788701506433,3.474010143116301,1
4.60167650697638,59.550117468054566,41.422180307502884,90.65833070435491,45.132660156844,35.76553023481686,35.95028983152796,28.71570141948737,2.6279532730831274,2
4.931565707973218,64.45330085408308,24.227526257214507,47.257266482889705,275.0313541121683,123.671744122083,59.34784582359833,44.77153767349852,3.7361382009613666,1
4.625716742746937,17.211030137794943,36.82556766318909,69.74513472966795,21.693172091513958,55.82880136906725,15.968094755601118,56.69421159441887,3.622930920114679,2
7.045641645055122,80.53485723705829,34.93583383964153,74.10249793902146,155.4808612820072,103.94886468168326,41.57689638360323,44.02566467940452,1.3600190730801143,1
5.757423924305307,18.637989855603067,29.205868543667197,50.64073051674325,54.50928827711441,51.4992887122045,28.34992778860721,40.86991378641673,3.3625422022310496,1
6.534282764658811,52.890743471074934,40.68141430835799,85.12710027601595,106.15014505382558,127.76851726050418,80.45887959709349,116.94526801379934,3.7002176318054856,0
8.130265895704373,64.63423636156415,18.01423546585208,91.56549508851612,279.29667674911434,26.462826317388668,8.449785531449082,26.87013101573202,1.8844289631295803,1
5.4971689165955,75.967838662226,15.277926309288642,87.51558265024028,65.27447491671631,33.20757260543783,82.66683699054903,90.66606995885485,1.1904364516090982,1
6.141531692142519,64.98608524926995,37.61885900866267,78.03935343605922,290.4330495211331,74.0939162706443,75.80450177700503,10.045131838309235,0.5105286223183527,1
7.522204554172195,71.12096581488544,25.174494499012447,48.035204182122015,77.62242555703807,20.651997074959,30.293510897469314,75.58009363426146,2.3036146123725927,1
5.41519266196649,38.761513477996424,37.40906562621181,48.30504273686606,227.63851037071228,35.47742401122905,72.0897056475539,110.75373043494577,1.9097309261553663,2
4.8079196393151715,72.03775796225585,38.79270615586245,92.61842082899247,173.0696341712473,132.68962968756188,7.653152628793542,41.67275035025409,2.7196393353016357,2
5.6590058116550725,20.60803924692726,13.873727808572143,30.668492235819983,267.6540437270926,136.94365594922533,87.18357177493846,30.407857278349113,1.252164370355143,2
5.144885149016018,77.63716592423694,38.50394288958182,76.54324826073939,175.11811154087667,58.913712812954856,49.760570120132094,81.68477743662697,3.9386621906659007,2
8.218790609370291,53.331466330761536,25.449571661082665,75.90600056609205,169.67658136376642,130.02718273181165,30.778887215562847,88.38615480282324,1.5310208625124386,1
7.732481518257668,72.21084389737456,27.312974670126966,70.47482016173683,74.72824010315196,80.82720783754613,35.81957307054755,85.68335708471794,1.4057184203506,0
7.033615026041694,46.66227991628101,30.797775332796306,94.35707499564627,66.54422137446444,45.06652056358972,10.644455044142276,45.12485680235115,2.422856225937424,0
7.985842360750871,60.05043866375675,39.791478201902606,50.272163324642136,276.61696231234396,101.31183374047782,89.09470869357334,37.7422642375264,2.495404094977097,1
7.714688307596457,51.84818626552792,12.573482832892921,52.09817114656113,111.79469567800953,95.65723485473144,8.339815337808858,115.15106799582486,1.3603409151403714,1
5.246280235544143,66.21126652287323,26.305304049534513,35.13106119152611,124.18303138961086,138.58629148413533,60.66710546756802,111.56294590969225,1.587442906903663,0
8.070235993959912,20.71409874214127,32.631661272916816,58.78187887534293,232.75062435994874,44.45614736320683,42.632553855048954,60.30482708821023,1.1788209566209797,2
6.657368967662602,19.224645879339466,33.68120873094685,46.96815420526512,114.87057507838605,97.36773534602561,85.65787854604078,103.08132527698108,3.373840713292667,1
7.729760620656251,32.29722638071025,32.77597294611324,52.32013564154687,286.5774850589208,16.763088153828097,25.909977926077588,59.75558253977256,3.5803561250163276,2
8.084365199693973,26.168127607923182,16.033053882243657,84.2471663666158,226.6197753196641,24.773985030573524,50.22738003473096,56.682791987976145,2.3493139898371305,2
5.7720138998874555,76.02484966145411,20.981867651150438,90.80649337928722,187.2801879205576,10.509388743642123,46.000277729534005,27.243924235922414,3.35634809074007,1
4.940207698110707,30.344979115063104,22.761465762510404,42.072649680337065,266.6506449525307,139.9298885377575,64.74364774425862,56.904666214117015,3.443741567749782,1
5.411740650167767,83.31056790733919,36.13311623038515,54.21308055097528,33.88965433785517,114.29558062917211,10.780869715955744,69.11586324597877,1.0531021107112344,2
6.208431154505025,38.58270542397748,20.36279617243659,90.36098653750062,91.97755381297844,112.2739919153603,21.472076051985162,12.475476017155511,4.364712099338147,1
7.772059063689973,27.74825409820895,18.321148916016096,34.01754994479947,150.21017358185478,76.26438978746336,23.238009707892235,58.852430569294704,3.784127788385724,1
7.942922333025374,70.27889549997354,40.72344057114289,36.0034343272396,83.55399105202588,49.00872077770719,67.74281416154362,95.94918402347203,1.317933844783294,1
4.527808522124763,61.109544285061325,12.265898553404067,40.58141429840491,228.29345244460254,29.664356980147872,21.076789187772906,84.80506620116968,1.244660142984281,2
6.542989210310263,49.87370015171973,41.93462567045935,68.68883421824685,277.37824869504306,47.00771605004027,53.74679993073302,79.86726877503285,1.002644582318331,1
6.169644012595116,53.87544856563419,32.304638965721864,39.78069761538983,138.65563358065856,58.87625885078808,23.295724742581065,110.05109712809228,1.0535142501676735,0
5.388431241882921,65.34412447905848,36.854078983473514,92.92496479429768,115.79712803133059,108.32031260743823,78.23812075713816,11.9835210807753,3.4926471961147847,2
4.979461469334732,30.991831893190913,20.838581890385797,59.03644427180382,289.2342049985186,80.15603255740982,85.08576363161927,71.27523448114576,2.378617027806494,0
5.850460685614512,84.74337412397193,12.4294583300118,62.59866742276081,144.55868119171143,20.072871452212752,49.07190287009044,96.60837332506777,3.631736690959469,2
8.271638815650077,83.23552135027482,34.1360855568459,46.03281002735142,156.9335521257993,12.343771164658591,34.94625515778016,69.54689209713939,3.4850195774008217,2
5.792811728083021,60.52279804428558,37.02433791002027,60.61241640825767,118.4619642557335,23.30318333942821,24.894910876487426,45.628510783841705,2.9184508540208864,2
6.575162486973465,28.96797156504016,34.21428395860558,73.02438612140574,274.6735724433987,63.36483278065931,9.23138512945872,24.987562160117562,3.245466426314718,1
7.312075835580711,62.615976970190395,16.28550861902516,78.82651390201278,179.3075353189182,131.3150792163724,27.822506476787108,107.63193789978105,0.5734228975165672,0
5.954518409517176,20.05388862854231,34.60283766770907,79.00142537614434,233.4088844108605,92.86232255719881,60.61004129535202,61.78386316263633,1.7471105872200878,1
8.387128330883844,17.145675154406426,35.06768346322923,67.56292232511575,247.30588113824817,114.23736698381697,50.35743916128292,106.59267166842716,3.051288717037641,1
8.349789179768445,33.03780219578496,31.756215470101647,88.78338537460073,115.71773173683229,70.6286972855913,85.24350865387883,74.44373346764851,0.5373798139449768,0
5.507129183301457,47.383606971752144,34.98347798386759,83.13151007489711,141.4344127697064,57.01659081535556,38.68356731179455,84.16113282765009,0.6319077747303736,1
6.488994023569542,75.77907537858664,37.377643190331966,79.20812745541065,257.57209683375413,24.092048453160956,63.97838409791353,98.4687269816295,3.907551929881533,2
5.703513239267078,65.90183488364156,30.40812342712375,33.61435890922994,121.71149846922687,123.87129288420664,46.59243353538532,82.50710990601478,3.236099446768287,0
5.6393619775098704,66.98945648399868,14.658141419090372,30.447067544277207,242.30183736651836,111.81080377362737,48.56897835355799,53.78603247468315,1.5614789324813758,0
4.647547789418131,44.784533411365274,26.628834290016325,43.80907301770574,283.4778503208424,31.855352687704265,27.760816741349988,66.49967223215161,3.251851360474836,1
6.938257335919587,39.215449478287404,14.329480040148152,73.1290336043744,194.49890445904197,76.59387330391387,43.67081603156998,98.33500771434679,3.669826676557053,1
6.510716092915446,40.97271340892219,24.226290930972926,56.72783677736548,227.65564048652888,73.35872502976184,45.016724746080115,51.10153260102826,1.727177132440405,0
4.705915004999957,84.13546946152405,24.21319467376883,56.15640685445526,245.42724737151778,91.26190184924872,65.06461434865938,52.69336024453468,0.6441495099967498,1
5.614585856946446,17.807643398873772,13.980295324207248,87.49814773492488,256.6111016910599,133.00429621886394,84.95439993081968,20.525912766380127,4.2311164987509375,2
8.133063543866616,75.6922047285714,22.46461601908438,88.21158512856951,130.61493459990288,85.37028742912236,32.99230858601287,110.60428787439224,1.880719353182522,1
5.458247562667889,55.507278600067536,15.329942963739445,89.09639216348307,34.35376856927949,80.22824468122042,8.587039829410369,20.01399464399859,0.9259270531388255,1
5.079579488364892,45.703079343271334,36.24705630027667,50.40207497347677,132.52535594628705,16.541981281506313,47.185085667554375,81.30300951934115,2.4674274855725895,2
6.4578110411102525,65.76803622905956,40.43064077893412,74.91862782805202,208.65174433954513,18.177971882343112,51.27921323267933,55.45139266830775,3.5738711826565353,1
8.442601816442403,49.0668258997292,14.169494257738158,47.65615678283403,146.09810801862199,34.355082872482555,19.317446846212796,54.61813292809866,1.3865892584702366,2
5.468221086046002,76.13962666571624,40.653456218751046,42.38963914983924,229.7096822409116,14.221200319927277,69.63949153346567,84.75070202299523,1.5779602005334534,2
7.188542189623514,78.0491304807881,27.677297980102352,42.001109727579,119.95508025122588,106.63587642410161,88.71897421752679,17.38031058928666,1.4708599471943327,1
7.54647846131487,44.520464881141876,20.986970338616217,52.23699535613361,197.72835950912827,104.0329395192152,85.39085094571918,75.3076361246578,4.466692211326713,0
5.450550175969599,34.37794580645361,14.305862258284906,57.94724528568841,72.19754535911288,27.68731047611358,21.754013300010435,94.92349645695903,1.2896149349221702,2
7.412865394447438,56.464523001535355,27.018728042112535,84.01169611857944,229.82344226058794,118.69025710338651,79.40587539156466,101.10340336752536,2.802080867864496,0
5.9711325308770125,78.86543419316837,35.83546633472246,37.792921075726284,172.79487126764724,30.122184529994556,64.88195909499319,28.758342833315282,4.201058566627857,1
7.0292233223743175,29.74635323039666,33.212594318000946,77.77018008066813,77.13802879304816,49.152826309656646,43.576957923587486,108.71609550859911,1.087586275511117,1
7.034118843043579,58.607660849443796,13.506780343919212,64.54456942230485,101.73512857938603,42.366996890977454,50.95193451760197,82.17607010321865,4.3834167914708,1
6.643098736299034,59.20921540647644,14.187055061037105,48.71644727393951,229.61043840291308,58.399922814496215,77.21601487350894,107.00402809027511,4.289908937582498,1
4.861159080217633,66.31791156906968,24.086198478979114,62.0332729946336,155.1283459852258,43.10628956569504,45.81146986926172,63.380878882121806,4.03828794823305,1
7.841209982356952,24.209737958908185,20.858714821438298,49.496234535506474,80.48880331006022,73.56362043699878,36.72262637393578,69.62366796069222,1.358226085320009,0
5.783120259886943,65.1077475277462,18.971529691681436,68.7453270904899,290.83593330368336,62.963024576109106,46.9260369072088,111.09421047315382,3.0362202240439333,0
5.246074041599417,78.63227644659487,20.43013496726141,58.199854985590875,220.23500554872862,138.25403380131246,54.22603334297917,108.9900497690139,3.5435658918449606,1
4.663100566219056,27.57781762091694,36.10448229890654,40.686359390127116,287.9977531111429,17.270425516669334,21.071600571159653,59.29769607059022,4.444111712785719,2
6.863571772752968,31.628032744671437,39.876841608955615,37.57789984612029,139.5894127008961,28.483578930355712,81.5771570726942,40.18538947992499,1.2216952883254817,1
7.21025744736913,82.99765658291477,24.15308083582699,65.53521933468846,153.02809539368172,16.867366208118323,62.30589065051718,53.248747802069055,3.564103598077186,1
4.566351315711424,27.668386689664285,39.18333006397491,88.65684716359672,271.42746053180537,91.35935534770886,58.827857973686555,52.65407613827247,1.8552046797084518,1
6.548372233197124,74.80695653587054,21.64487103743646,52.35724962624956,167.0138152687077,17.086206063783546,13.457179225354242,41.55535624810733,1.2025058622720093,1
5.405983100791752,49.45944995136244,26.293109590313748,77.6450069694705,218.0380953335868,118.73716585889603,56.354784744670305,39.54375647662633,2.1855077648554198,1
7.0806911616378,32.30617520822239,18.78086993447999,72.81298807108485,90.60840569874838,76.55202198865061,15.28165629027185,104.71692301276914,3.6753436485944655,1
5.197465716019966,75.9524930890758,31.214281265275318,90.55106943011626,145.08341123673935,78.51099119559939,11.68930239160892,17.684811275312786,2.3593992148162086,1
7.263750952409864,46.171367850186584,41.36943345524426,83.36376612444415,54.56596242689943,83.00728600258525,49.82142612960343,84.53723003095536,2.650092400812194,0
6.04694138520215,51.03721477507831,30.10479288130136,66.82934182885509,77.67441004554927,32.2057818198074,39.23677039395207,29.010205660209753,4.480637640800484,0
8.246919954946938,40.1463358579836,22.734422523406465,72.70698238521697,20.264156274936703,35.69973940488338,55.048872963278974,47.89564827334696,2.096437198229704,1
5.050083776583973,56.50655960044492,31.434523379715852,88.39512032796227,30.994214461624864,51.44625197349061,12.583884284865281,16.769733754832053,2.9616030188369593,1
5.864265404201034,26.446671080951596,15.687620353961627,55.96872099815076,293.6394704895402,87.15453405684069,41.63356034201696,39.69710005410083,1.9609768064614874,1
4.953894084962356,42.375707565623244,38.65977240796196,51.24165588075553,87.85903463829345,37.31531087222788,19.856870778838427,94.52631782289663,2.0711425853148198,2
8.198774473114252,82.85886256347013,27.092518523395093,30.702720436287763,205.72699866112055,25.12312452732396,88.90350730354992,107.35168570019844,3.2825630137816324,2
8.009357413523924,33.06934028907892,25.480492261189262,83.72581982244517,254.94791566389122,136.1151952343962,52.69776805698982,34.36798670926038,4.2515479043795334,1
5.531766510860622,60.97156651789045,29.575943653605577,82.06374552621872,174.184928586238,12.857635925250978,63.43213317997372,60.990262318481406,2.6694358019692856,1
7.139936184136716,37.76330449572864,30.743515883682072,36.78954367650984,62.88046002350774,114.3506626936828,32.660553858021665,61.7356452730927,3.5735997157951194,1
7.768888800804863,69.14311879806205,14.153274186795391,67.49572977362551,223.8726024541266,112.44456944475287,13.052807756244253,106.09328363357076,0.8568262352678553,1
6.72080324639785,24.16115625028449,32.47851663670207,60.15881038084768,188.07039482788326,48.63783479986248,87.94902333660062,93.9078958163386,1.3446321497277078,1
6.6186023134240255,82.88747315549813,19.257950409465888,37.716091208092244,224.75016501726503,27.631460080950742,29.33201800757057,66.43849402048548,2.5085265636781298,2
5.467409163601807,46.76526789685475,33.41857897519769,93.73693475894703,235.5290543999844,28.931724071705045,41.023695739753805,83.78219205189507,0.5800468945150992,1
4.872411071223597,31.523532434252477,36.6760438315259,43.955232685118105,293.11490295172865,100.66611024083502,60.23843334471888,103.20905593003035,1.5114199150502352,1
8.088863031813307,20.144772313100887,36.11875522657561,34.37022170588647,180.5977184074788,93.56485684120257,7.099270303319459,11.049284942809944,2.5696051592998645,2
8.101672228653321,26.883053356127853,28.575029022236674,68.66507966762413,115.6595115533685,111.75693765268028,73.8720260939694,54.31790341550535,0.5598447930252028,0
7.032405829093072,51.384176398921234,27.605096769322536,78.02633401364713,201.57007593206637,131.8725524118836,50.60914615243272,109.79674840047865,1.5581851449041668,0
5.856119164194803,38.59022235019004,16.28627884018235,32.108823993067155,39.16339858793532,99.95055722465696,28.648460900849884,91.43443339283465,2.556123277903478,1
5.896838298450644,73.02183561178266,35.26038451209406,72.81664651725643,271.27124913004417,30.26069975168765,10.236678749859886,69.7125511767482,2.7925969919249827,2
7.403822715480958,45.162126656326414,20.14228141340143,64.59897193684455,53.4266831746951,41.64754017950339,18.812365315327522,68.26089797386467,4.203006772221222,1
8.08844103981031,32.40999908113409,26.900862684538396,36.71222557687815,111.7959946080291,119.48518501350489,81.07787800254214,48.25471073648816,3.0813824930024314,1
8.04834569706047,58.2001490622821,20.528222787825502,41.21405200151354,248.40870657531386,37.20978985844711,63.312059034550735,67.2572587005666,2.158943210119975,1
7.6195021834304955,64.47440518198121,16.014850889990793,66.91832932554523,187.2474659325993,19.427901204082584,26.241646339135638,82.09215194097986,4.221404708532271,1
7.068126584617151,26.69293355306649,30.886730906752096,49.26324487836374,130.2179456776838,101.42640702549257,10.57606502032751,56.01993422716724,3.639531933551177,1
4.836559859980195,26.733345140182237,13.629961044687114,90.99052236233555,152.561984625006,62.328426213718465,63.702301552864085,88.55684610313914,1.3000356844509904,1
5.146514856378455,17.566999885348007,34.459357023786,83.21811491646329,259.2732700966105,129.60520683096746,53.65465670726004,104.73554499864244,1.023369445395279,1
8.094216754108317,66.54814105459484,21.527603857833498,93.9318684233881,115.2012280967698,94.533159242176,39.384159578949976,27.015333300334728,3.203246542970932,1
6.92571623863836,61.46631693352636,12.00404079013456,46.87860453177691,263.501911747408,21.754467112915897,35.90697318115542,59.67017250991669,2.7395326623079352,1
4.536788206466518,48.22416130248697,27.333874177116893,93.03203613186851,44.67764067347362,133.2213537429759,23.429213453974207,54.882210041358924,3.6586944551710228,1
4.905886171464129,74.0919314278438,13.405557255828093,58.03020153645126,237.5035624184166,43.612444273231965,61.916956805689,85.62112844547009,3.455220200314746,2
7.154007076432223,71.39691070650372,20.285086734626987,52.58872169539405,257.3133372553262,53.83762375281715,87.50678236247899,37.48542117837223,3.00084613543006,1
4.520246335384875,55.97480550777265,33.20929462367148,33.27271925300796,70.90894279445484,62.293853778860466,19.935795896130198,80.42760064475038,4.445528686515569,2
5.143232205669994,75.7789896359281,13.880688648655976,33.42974176087417,140.49702906421612,16.659158532560724,55.754912701317785,106.52381659046368,2.6343589204416347,2
6.694935157466345,29.40888470257378,37.18015477068007,74.98073163653255,66.33993690582358,74.54700488997864,41.055729738407976,55.99447597729849,0.9524230260068793,0
7.267580790770773,22.834373357840953,12.114597679757493,59.76538463821181,217.84915611838096,26.03140383978799,42.96854134829652,110.21172699771421,3.8130942592639534,2
7.107845038010402,33.88247280618927,19.404716076057067,44.723905692346875,169.8973750572639,62.12614246948573,26.602518810864225,119.24801128268263,1.507413449382836,1
5.39707723784224,18.99607992625204,34.22712168456214,69.90806991114013,197.89053707832988,55.59227243897096,75.13646443122062,21.67012549427473,3.609208592575673,2
7.348716885390143,52.18186696007224,21.488104491879206,46.435777686257225,75.01635074773912,110.46921084544543,46.246726352515495,35.63585067833445,4.328428384000206,0
5.4489963499872,80.5623984606473,15.056771641980406,67.54606403238748,79.28884137467747,114.41216651225504,51.18949743685245,114.54177266303026,3.287182055857365,1
5.801598792637071,17.754047846795675,22.80701756401284,53.34856855387487,31.619251142773784,29.94367471058144,30.90467758777269,115.41604551295255,2.8841206437992044,2
7.485965620472097,23.547693980701876,20.111798591535766,83.53089472976824,110.17890985480432,57.65165435929941,20.453719581690727,20.747800292543435,2.3415447027001624,1
7.098531596188859,46.653931979840465,37.281357064816646,83.34525044984065,176.728505173429,58.53591093413812,12.302382997239741,11.649835041485035,1.957639463981613,1
7.896893641976712,80.37125122695335,21.400437527554296,61.02777587795609,260.2217759192521,29.683357711691055,65.70012697861785,27.721002558206447,1.912019003887345,1
7.130451569201373,37.13092734837254,35.66797415328021,52.80324210677601,206.7396852884306,113.79895565665477,21.679913943467728,119.56140617204731,3.0454908228383624,1
6.7732344133418865,50.50643660818747,38.756164344322045,53.56638677634115,141.9109705519304,101.93968268360503,63.656405106047806,29.799957827175554,3.5050924677509836,1
4.87469907131237,17.910100133527447,25.014522587295886,82.37144416843415,286.8736320303586,34.749632218614515,38.18199791399108,65.28023673942255,3.2140682779376575,2
5.9708632122377345,25.38402406734622,39.298294315631765,51.331666381844784,221.38865616123292,57.67384811719388,40.34085808412038,103.32594990735622,1.293640404774251,1
5.560809470726902,84.06410860711928,23.319541618895784,43.588859290944995,280.446256801514,23.75465323134685,44.8800871678856,12.244177175702697,2.4759487205739648,1
5.475958573516334,82.55830875052318,40.92235249470325,35.504742221894944,167.72463251620638,91.6668576220957,36.25522319084117,76.49378804843055,3.666560288732252,2
8.392042219009783,15.345798665408672,14.678685735767187,60.335052857486545,92.4931969420791,25.778350191320555,13.552698063920158,40.472799375658674,2.402816312756225,2
6.072390898667042,81.62682497962673,32.61057799509729,61.33858642978972,34.791472182122156,138.1714419212393,31.318703850241892,104.85684080837048,2.6464931189419754,1
8.068186220708453,59.73839564708503,26.81442121370786,84.65906617618896,223.30375841547814,111.4886697094221,61.41742065898477,41.18072641904871,3.5845441926832886,1
7.024554503989052,75.75428061640154,23.62946416366941,44.38051526899416,53.96483944154956,60.73101144591936,61.59167412485403,85.54312923100998,3.145061225060366,0
7.679245214166594,46.83178989437013,30.981356362458026,54.764432788445994,104.77703591615081,85.21331119631607,29.32906611539952,84.16415956921367,2.1373796835295704,0
6.510548372420768,51.09172200054752,33.11571274902994,82.5463730280899,169.09185420749128,128.47443610813315,44.108723257403476,34.3642903745604,4.081650844776876,1
6.807615538505436,49.21926061798441,12.130898089509273,83.53553469868328,178.03664457832934,82.0329064514574,21.443014381014684,13.827911985518513,1.1502682746539143,1
6.470070775275456,61.680498028227305,17.00859266241596,54.99971993861993,188.16329515639808,32.68480323173417,22.88162693003604,55.0174531163937,4.482065794361299,1
5.280971951192178,24.775587832941902,33.391381519029565,59.843061513634254,66.55149249791617,59.23143622555071,6.95900251456163,41.81124671624566,0.9754103139049488,2
7.389808461046021,17.098151291087458,31.991562407346194,49.71358290520339,126.32647335006165,119.6088324538669,81.22345674215829,98.98755245750795,0.5597998844169556,0
5.623089449763423,36.55509591138336,40.981425153860314,90.61606709725528,192.8143835927507,93.74769207865033,22.91006653136703,98.04006073008799,4.060075604595059,2
4.597263865725815,64.32765339156526,34.83113370752349,37.71184477320272,291.54928209745975,94.59416996339404,24.340379539599382,60.2726347411888,1.4798140334638243,1
7.081889183628672,29.129741648606384,40.52318123194014,90.69371249509555,223.73671855591283,122.68679313950359,28.766121774836204,76.71634478555409,3.4187985097868836,1
5.208442717628196,62.14027033274421,33.07621504604421,74.45131936929731,278.3290519863082,126.2164974701256,15.829686094111466,76.46854675856177,3.7440614997282773,2
8.261834337411656,82.89384322750892,20.941566259183297,64.55218992463753,233.41937632796956,129.5730343313267,59.33734507041584,100.98739632703857,3.9359455641284673,1
8.31571430801035,21.573050105259288,15.160947667525694,32.12283895099223,185.68075128987212,22.330395122910293,11.387151020094858,56.75026555355173,4.466376942656667,2
8.159457560881794,62.08214827575884,35.45471590034806,60.91375246843054,73.76654335817648,80.73638025520312,16.40720623773977,40.299134776955995,1.6761588401599963,1
5.980634801021777,46.06251535131998,31.32447664427748,56.5036268251776,206.67198252990366,106.26623775838142,59.80432176015789,39.15384099546022,3.3409733677090365,1
4.56182646611547,75.76995780642537,13.445580371798886,40.47922277838296,194.54627846877398,108.40048986651179,33.87115274092263,68.98115072104245,0.9615994331233129,2
8.213274250350901,27.400485261317016,22.80151397702935,72.6666242275427,188.6913677280346,88.8731062561005,65.17556526960107,59.40630230054338,2.1272371654273976,0
6.212736593269257,63.48381665583152,40.703994464528584,93.12480897893857,157.14004303670743,31.68235357387764,52.381103296962074,58.41328480834298,3.8918867732503615,1
8.366619276174678,73.66807027536771,27.012034371306036,66.54227271919413,168.02384911699718,113.66467201241636,26.761799710228612,20.025107299867795,1.9706321842364334,1
8.35447990835701,81.12299536318163,24.98187408059114,76.45896296885647,113.64390759306914,103.61447335694294,60.32037579159289,89.04641147592152,2.8643815221424562,1
7.91203782186944,62.82736198027521,25.73098815477882,34.44927941679109,165.4075539398449,21.19765030137472,14.883262824894855,33.511035678010174,2.5150937748985362,1
5.677795568278343,49.80223348058991,18.26648172015491,57.14835472810466,75.31565358997392,70.29527720766892,50.594882561802585,31.66489932295935,3.0838061244481803,1
6.040390914407701,58.24930681408497,23.061215125943857,37.56330153569223,245.4488312609055,32.617061937834464,42.15758892882795,55.40341523051328,4.39157755755078,0
7.904546686067428,75.82334891351027,23.094397679615298,69.83172930987317,72.01754731563818,53.872015942686346,27.769254539482468,35.05561757795816,0.7229421060056085,1
5.76768802062511,54.94268226471808,13.570650605624172,91.00134028392006,43.7905611690506,12.350541986739106,56.34042480785751,74.2244094038817,2.795846070006519,2
5.17797098674437,17.12709417877858,35.02702885553755,73.0155526106565,142.14888738000406,62.04288289339857,79.06335534892402,50.860967326791865,3.952115117001139,1
6.727205049833401,80.16640868548845,24.49513295711637,34.9921981404374,204.32608306169732,81.48399975030736,89.90689947986152,59.38028948520691,2.42553084699371,0
8.244619096643124,63.26687257220928,36.6653966044927,53.05330332403038,142.5607109813916,90.54573706752129,56.659835343191084,69.08862537644318,0.8141087437662913,1
7.284119186699892,62.35593700440725,37.510440033596865,65.79311966365535,97.4911569463664,96.2537448667323,39.399999317979464,32.38890747299853,2.7421574096670835,1
6.78024468035746,30.097260667840203,18.359821640959744,56.20850414866139,176.2879314893234,118.71787070331979,24.142603518377136,27.132678515208276,1.8282955632952818,1
4.888705975083074,61.121982916286,31.720604465103857,84.1868606808862,117.16065391541598,38.0101779458449,26.8531675985845,106.84640931609653,1.1197671413517436,1
6.960028906796679,42.570508395791094,26.16845412488945,82.95361530614929,281.20295323545724,25.66263691700083,45.75367314273008,57.70960731145632,3.896138053133892,1
8.460215400417052,60.58630839290444,38.40470213764455,69.7690163067094,278.3406390890002,120.69983234673033,36.21860460886029,55.33029705957931,2.5863980519644865,1
5.060336060946096,22.461512121559352,18.472220375293624,54.27476643362584,160.66410959218672,30.359665936044486,82.67423442312025,13.917336530012562,4.233105649516267,2
6.573318609454947,61.04917132221252,32.33439600930133,46.59686429461087,111.80751832511238,136.71881057370538,36.305114750735314,64.77739328461325,3.7240660184122762,0
8.009492287711822,84.95896080394665,30.232563667581676,36.88183068385341,226.39707590785895,119.5299698218228,36.74279024736202,70.95866937721001,3.2718871750946694,1
7.463074471016817,18.374842720238924,20.859044327154983,53.068349426626014,30.27962417525866,75.1139587656479,37.60043355688804,71.47249580501332,0.5201020134612477,0
7.288062963981072,83.4021928954922,16.098027109535177,56.85621361850177,152.93532169222235,137.58478523986327,76.11271788125094,87.77342862551728,2.2112938265529998,0
7.3099363359484375,43.48355725060094,31.549192814318296,73.92849013176479,114.17055039569338,22.658974784040545,60.31700727198666,29.523001849011294,1.2899451266081292,0
5.937964604879021,75.95274152360814,34.15792374396992,72.78038857934227,277.7500478287153,49.398548952763214,57.204352277105876,37.74454476536807,4.143191644195471,1
5.6743673770579734,69.76698388407914,21.468820312900498,34.5570290766817,23.36084763635111,92.96917395527949,33.402156902628285,99.1803511753454,1.198335938705441,0
7.7374446219140545,54.69113826906675,31.344978120669413,55.69185550302525,174.78816520113776,55.50089290151324,74.52185503075735,114.18876785277334,1.644240206637142,0
7.740453578716723,66.69144464759285,23.8539272283451,41.81562636912852,227.38580269865528,130.68843175750294,8.260928215234596,24.95260221040527,2.5673470709379966,1
7.968289274320415,76.49608929109435,33.396206498478534,40.19282584559237,155.80503650673154,18.531391463116286,79.01775964873961,64.741450995574,1.553454475992317,1
8.152962210225885,43.28982251557231,17.976458246821593,83.77463973292097,43.91284844556206,81.42353816792539,48.583741482484015,33.55938780135455,1.3394587091164847,1
6.545369595443751,37.892321309426706,38.70645007908523,32.72448908655674,292.2891892078126,86.81261476136488,38.85126996339009,16.60804851904807,2.8963973004110097,2
6.506065178748798,61.73153698945093,20.622287893967393,57.24688693363788,165.04292078530742,94.85465609103913,47.25921886100328,45.80536719387489,0.8557180910200954,0
7.693180715867101,71.5492159358881,23.033579632684585,40.93323762482368,191.97214840932318,43.23660903313588,61.73032009537564,25.8056387702634,0.7326710348836989,1
7.099855723111061,68.3599594343631,13.742758562410494,87.15646401910081,86.25073915810205,57.39363557758238,6.085061254021276,88.09263807776709,1.9889811807442856,1
7.307867509030814,70.84695542010442,15.345366369638292,66.20763336287729,155.37946382990506,119.6784688564471,79.08190779895105,68.70979550385889,3.3826578180314493,0
7.683170677744404,45.49083203690531,27.475857081369846,45.03974136449512,140.16185774833014,35.342559966120774,42.97285965146839,25.821791808934197,2.719227033095792,1
8.060021367270265,72.24839513225152,20.027780301839144,62.65777366581447,40.970835760555445,117.49282013253706,34.15215417450665,11.016574724606581,2.1915058738671154,1
5.851980627406143,23.41463387594259,37.064406772265826,77.54661338070252,49.72489899329082,83.14520497735651,16.750873078894855,98.8972753926634,2.7630062568983296,2
6.002331810559776,53.11423685725947,12.440801659648615,92.2776705797632,254.49230549325688,109.08437645523068,42.35455682046758,29.381384678067228,1.9618059386130944,1
4.875927759363476,15.40310623486851,23.372821460158086,44.32899027595223,87.14958661784527,102.7689576142513,47.1874355591722,76.68383064428426,4.244585341728452,1
6.813120563984696,37.72100809301892,22.12036640307278,87.60181518840744,74.58831601961654,36.97649440003427,39.30996903194561,47.06141043844201,0.7196195636430973,0
4.643769095186968,40.65230744099785,12.57982892752803,90.72976742088687,161.37520635003898,83.94565573640347,62.68610797528625,74.40345321465392,3.193565916119341,1
6.362392072529841,42.732088412647876,15.731051970015306,89.5673353945843,235.24919678150363,122.804009864662,40.77620494453421,44.72189896805564,4.065130659311002,1
6.6705785388303065,63.68270446829035,24.40928024755906,71.30193319602414,37.34502520211662,66.17511078425082,86.72049411695873,19.56335167614796,3.7155388349410137,1
5.646165008513138,42.1990670889242,26.7859375334234,70.938342538256,181.50621749871164,135.65680012903118,55.938589015005306,34.5245009413529,1.236164139285787,0
6.863333042276043,46.408553583577145,24.12869241764607,56.208691156948476,53.37892399536054,68.78796301322335,73.63562453041226,30.686442312698315,1.6837053959211534,0
4.622000999756198,31.628089161202922,27.928130352362814,78.90586234974622,30.209094231173168,28.56213276682501,14.295251764305702,57.082128768360825,3.368191754828419,2
4.649392754996858,41.12762541405381,29.853950247170445,64.53411119281057,34.76830660542087,60.62650841009752,38.769759900401986,82.4112161768773,0.8370822367230621,0
7.790402242638633,30.908873908420603,12.297714633835069,74.03347462983913,253.56595029836356,133.72131283076982,33.63205462300798,39.01866824409933,3.747446799330336,2
5.940762565645052,20.123714663791056,25.922854783605118,57.849763750171704,53.032295415857234,51.56371041418105,53.4060029916103,11.327692883067975,3.3756277784191613,2
5.008242050607539,57.24140153669645,40.90497722662765,77.54727016280404,32.64238203544174,122.85276078271816,78.19464920522118,67.08311006912325,3.4184265969413703,1
6.5889730402192175,61.774895898851135,27.57096840388646,83.5906486442957,142.61196840001543,124.56258861864568,11.658748509770566,76.63354382948692,0.9009654810703656,0
7.579974212394443,58.36432422067301,32.32626802376859,39.51835667918305,256.3181721437669,55.52424816315494,11.168857833800416,115.91575434019907,3.3710421792649234,1
5.363284109987372,47.44458306604007,21.355915737506496,84.14043151232482,93.47434541700454,20.823495546582176,77.27700519339591,74.84178834025715,3.21927250087988,1
6.991561903276001,41.585004612546086,35.21974134458287,65.11927456636997,138.07953290725658,104.19252819064637,23.09225731326038,61.8289815315956,3.823689963287402,1
4.841389859975072,75.43335547002776,35.18764445628345,84.90328409086459,31.178309117850343,50.496598871818186,61.84402662823417,73.07417884874742,0.666383825025878,1
4.706726884674431,51.33572495953526,27.63888142962417,58.034610912165945,145.74198395776523,111.7800698534844,51.14464125066844,112.06906928482297,0.5924426738711688,0
6.6254185262725915,48.54273143408117,41.280414698376404,54.63763154989728,181.73166257839742,67.5451302738563,75.7959555654145,101.12159601618109,1.992028399514243,0
6.662540486440426,16.7949446064505,15.766506442879601,89.47894761361945,179.85397505060055,73.0846765045408,15.6325573360943,45.52766067001888,1.0951531353966115,1
7.049719605992826,38.887347933830945,12.50842994668743,46.32600239064608,113.07947380882224,111.12822287730978,16.03155208642196,36.0979800022851,2.7335379102808877,2
7.404365334890646,41.613693315009996,35.10474635271288,84.87380114359931,108.34929058567795,59.70723303801163,52.32956062365614,38.8896973602681,4.169395606026995,1
8.403408317850138,42.91759466278303,36.214666120946475,61.461337213111264,49.85461330224741,67.60655489197889,85.44218553546153,65.48631436867343,2.065918921336063,1
6.565201393204781,55.61206584591326,15.606216873617287,63.41620376583188,122.70352978095515,58.90476094005088,40.27480946151411,91.84543963514356,3.8798015090904165,1
5.791825891764984,52.352178270881495,19.96748498875818,50.050438296816466,47.858507284430104,57.754266986046396,32.79007852164907,65.35411279012584,0.5009634980714659,1
7.680744779074814,57.553356495541124,12.526570900998868,67.24774304023602,234.64686451937445,78.37305499718973,56.568592471820295,17.457603541092386,1.1740585738367368,1
5.583329005048297,68.54182830794898,20.799258323416943,51.13872775795373,290.55680336949206,115.14392778514959,84.08813104632765,89.5938770483979,0.6216941586163425,0
6.255885682822544,71.90900171012655,35.194256217560145,32.5525119257074,291.62084786667793,57.029880549933566,76.13886579179301,98.65671415380493,1.8125887220602745,1
4.813825525369063,65.2686153358546,27.53881583137737,47.679909347383145,262.2199078251103,78.15311366990576,89.61610691232369,41.84476516316916,4.132758382786012,1
4.6014029736618305,81.88665871684543,22.44286779504864,30.414637821428393,188.22180181509336,97.1945523075381,6.918329572202053,83.05383132116854,0.887808494395951,2
8.3505936587117,16.276280787345314,23.15217884718991,93.59306115869569,216.24239522828637,45.02712801947515,14.59294230058479,56.92510911598327,2.9256391069752015,2
7.843920482048823,28.704458997848228,12.040608771464045,92.77356863828359,99.85762475051594,46.077964637311034,56.80475988616287,107.80312913001872,2.3059837564777768,1
7.283896824374792,15.529401248469949,20.994015826957074,55.68509433569983,196.61571764833377,131.34370651304914,74.74899734337723,102.97481139768138,4.253872849463249,0
6.1358117776570795,60.32322999082221,31.393762249137914,77.34410553207698,147.58187384316568,104.05949453304152,29.245769096075158,67.79751981406065,0.9900765701483754,0
5.193177280283383,77.86213842649909,41.225833314490714,52.47739639667762,154.9648551375411,85.03426790903015,25.332942482908596,86.0656100394954,1.3481114020089158,2
5.125748170684345,32.043760760340945,37.411824809516986,73.62105521058845,232.17743690504423,94.20360707467955,71.89294294740208,107.16846711243144,0.6181678744459731,1
5.500971592658381,79.89241813574147,12.707848939365874,82.35295279798865,98.93713956723046,13.808927603444388,9.792457577524683,64.5288711086103,2.235740998525495,2
6.696906658824481,19.21871732026926,38.956818140245176,91.53915590499565,109.05109127446556,90.35338552302059,36.39752504451973,44.457581453770416,1.6113315982586172,1
7.358383690800249,80.410521876386,35.49595239895878,56.01379793022868,278.89970151601824,76.23615351914624,47.99378392034803,92.90327517005394,3.9796237355612836,1
7.1407895068709255,39.61358810677441,35.411283707129414,80.9143688921431,35.74280255827223,80.94745837132663,52.629637319777494,34.20728802631609,2.9197632527910202,1
5.619735587783771,22.099457991445156,25.739872770107144,47.28534929108772,155.9776035557353,56.72509748800622,66.93228832738603,52.738426280664626,2.9563629519028067,1
8.319461122652775,49.01102314304279,23.940158788635085,94.37159974658714,275.5842241142013,20.591606702682448,35.161886491605955,105.2299960817473,2.6276427875252097,1
7.451587666783074,32.97435974043556,21.087471864995777,31.675023919682825,190.90164218908396,35.13410036956678,57.07816929734161,89.68645742962465,0.867401348916804,0
6.717416210045602,34.94110313733459,13.970845768630973,69.22937242257287,172.993980779397,133.5968127176473,54.75691093723129,54.419210577224916,2.280074734901421,0
6.9468829849374085,36.51029754484006,18.847060904810974,72.86788880733627,89.92837018421946,63.13094309522141,51.547368555568504,33.62189526491932,4.498020758834066,1
6.17840024971116,71.21181284828644,19.39810904934074,74.72296120981838,116.11713693804552,70.66881025801234,59.44107991708804,49.15652299154602,3.8409171633840593,0
5.49092395800463,52.74128936726781,26.52231209130605,37.82519262129078,258.573556425314,16.852272680947067,27.053179540786484,41.25145641501763,4.073836216668464,1
5.923890714605046,36.791538940920255,34.42333219790082,91.00443592575348,176.58107689516828,14.883609840717476,12.195144054693463,29.36982167382393,3.792905436985998,2
7.531384441857476,57.723364831764286,26.214294851938398,41.77691313825538,164.12781425189837,103.2335881160785,15.138092123378192,91.76662049222223,0.9121667737239307,1
4.5575739545190235,65.13054719562355,13.735333483414818,70.47897121058966,47.8823197912081,79.95230633574447,24.08950252558159,37.72768755351886,1.4097930162591985,1
4.964290562027665,34.083680051347365,40.73369402964612,44.47394514300052,24.487883807434475,76.13177794811466,47.516824519436746,59.95842171845402,0.5124866054256385,1
4.684010568087011,43.948437106774605,40.281729572823366,49.96906710638261,289.8318528323737,41.60618895494693,76.43763379641172,52.444539151971995,1.7140404995124459,1
4.66291520927588,23.53202653358633,35.55568629445225,65.51980521232808,125.55612684031566,106.81759511188989,64.60993407751265,118.0285116499194,0.9344296093859703,1
7.921842336044029,27.680454467427623,41.73983704692662,57.117572206697474,188.8996573878612,31.870755284103943,72.06845135717401,53.02014685630426,2.391173381206332,1
7.314631437520095,62.6782497775488,28.33446998400789,40.41466406347291,42.3202204924398,34.691516675932604,34.832928033717764,18.798073107643027,3.2085099542956077,1
6.396695316349301,27.700684338693886,40.88305050759618,41.11086615735514,211.27200000245304,69.89258227527581,39.39556804012676,19.880832782929243,3.9980211801523082,2
4.891336642604006,51.76143685669421,14.268151218502524,57.17941123058198,281.1186784376691,47.216382074552314,38.46296030920209,74.98290934883713,3.496868660363593,2
6.466463500467329,64.63323832057029,22.970422447841138,79.22339358790754,181.1862708392775,42.170187560309024,21.30922067438263,75.92999069120921,4.254342383114021,0
6.393887083122262,22.48138461663207,18.761438040202975,88.36770204510626,55.31229026511496,93.88089379193312,10.203415942203621,56.06348895309205,0.7155931615751552,1
5.192807479640061,54.71185537402325,17.8749925240281,35.468298046859886,182.88202769257347,94.62632687841078,55.22786789031428,57.50280615432327,0.5487193416661658,0
6.235406596951892,32.95939485909547,16.22408846678028,55.55175399136107,234.57721966930265,117.1872190739908,89.08341809074982,15.932584112495833,3.1453524553448506,1
6.094018937589494,82.40488126663058,30.6724092469799,36.51596164198698,133.79663024072522,64.30211370648686,19.180524920772342,66.82011614281885,1.657409640888985,1
6.963400392208866,48.84819527039473,35.43965567241915,31.07851124111886,266.354569423611,19.501061833399532,8.968209691438268,65.52134229183869,1.5140040644230925,1
7.040374603470575,71.41947848426108,29.34895198261082,73.01171437185718,201.63122694006205,45.5766300397895,71.2601929550343,26.450425041263898,1.823548350775177,0
4.681216039088178,53.515857950938326,16.408881287646288,69.1592137278282,271.7896971209767,137.4007102155862,26.469810568201556,21.422332472202033,1.5791842315694566,1
5.998450458505885,18.038877299837342,36.333713098004125,40.5962423979676,194.58148714925443,87.51361478025127,75.51972345499891,23.592973965943955,2.545745625206349,2
7.0034396628569455,59.320596291581566,31.078641214911855,45.197834151049165,56.760632161350784,102.26582102413263,64.83461669793381,21.113107114038435,2.26059378889653,0
6.51254503432035,81.598233954466,23.644971183809865,31.541003986893696,106.71367910945295,10.95651785130389,85.3822506493184,77.06790150904358,2.5497142055066253,1
7.9259593647532895,57.112827410243185,32.223908866081885,84.27156837013624,76.50258551068794,77.36674518372772,39.75881503931712,31.613091764321048,3.1908544460017447,1
7.1347745264757805,72.34322015987532,19.797149377284985,93.35488874315584,274.4714193607215,14.878725479134406,61.2674363533039,37.657316740620985,2.0485220358845933,1
5.151737708325719,76.89445243438854,22.355766254826314,38.8048698916549,232.91201884049514,83.99992757188824,44.51265636912801,29.09293585665837,1.5052307485686272,1
4.782274989601719,30.965584036425273,39.52457529395971,45.04588889474438,209.3915432948017,129.70021045268982,58.600039271226194,115.36188348933534,1.1648021472349819,1
7.0696771128252625,29.843138793575864,20.71513517014261,86.44661905655072,104.27056949685407,135.89448696505303,43.21590701065767,104.00792094670189,1.897896478130502,0
4.606045242166488,57.76866921956942,26.099648044738096,90.22014686715201,71.53253617405979,80.27184780056014,21.03374094604636,35.3544321086673,3.467225900984688,1
6.843102325093853,43.771992886469334,38.70423412188044,57.27577988244267,231.8063046368953,69.56662468278807,48.171280360287376,46.03229233143386,3.5268196404458783,0
8.26092096569983,73.79029120067042,33.23164050802582,33.29046069748982,152.7642248461423,132.85222225230422,49.9296571221826,33.08821265354969,3.167621546736841,2
6.801896711503516,78.00161863786079,13.866096784941082,32.56046919003326,83.22107460217615,97.56927815957036,73.9013271021137,64.10635554069061,1.4361127012274983,0
6.052679704826088,39.73949655119027,16.41909132836911,67.30674129448568,192.65415388627702,18.43690633999323,67.51925999245441,12.157158572167894,2.852344983418791,1
7.073152873769413,31.580939128213743,12.235247723157505,55.538182078056636,31.293478598766555,70.54432509677468,61.422288035022746,83.85048097864752,2.782758646307392,1
6.3330115619660665,69.63678606707032,30.927653706874903,31.862407792547543,111.32767115591098,41.23185240035951,14.637903121968666,67.54739647994057,2.437064792438902,0
6.68246715726374,34.23642248836953,25.43020276231255,67.91140550031619,151.1959584855177,71.0745617883286,66.25238470641577,108.85028211312135,2.699915945535457,0
8.2658592351061,72.58300229595748,16.028245527068265,30.73466487828646,61.42833355063364,69.21052436082702,47.52593829013376,28.083195276125554,2.4671625304946723,1
6.044410551203097,44.66167775541339,40.738023631703115,81.17917727970274,295.7032537254351,85.67882436591646,80.99846056902354,98.45201706672448,2.761825464296433,0
8.344762255295656,61.72849295040293,27.8897917183686,49.91813347571915,78.547262085092,56.38016374540266,83.18902940109614,97.11571159133874,3.362023818484515,1
8.121402567824255,21.68747196842677,19.256798823386674,32.61677019560009,56.49887641211435,31.35515842927065,9.688310201151765,23.989930813857562,0.938512777613759,2
5.283164539157186,58.67015272736011,27.018107134641227,68.24289436390497,76.989764688331,75.48352649669431,74.7545326301307,53.841514655854034,3.498503008596095,0
4.777445203500662,46.62373751160604,32.38860998205323,55.84948693814856,235.33711728472278,117.92637496494906,8.204278185927002,28.716790525896858,1.0435446005103768,1
4.903112005509707,56.06259242228319,14.287176539206934,93.29702686821472,139.141584596116,96.3215896487883,36.209418184076924,38.01925505033038,0.7665119936414988,1
4.572887302606199,26.760994542140438,20.241114451436758,65.37291306274065,178.31646313071064,53.987822570278055,51.095497927791726,38.95707923135988,4.40431874488587,1
4.877771843023714,66.58116214609275,36.20896472651981,47.89054676740554,25.88256395618101,131.61799295865143,17.58856788330583,71.186003342835,4.327967075481766,2
7.232027093665428,75.39579542802599,25.78994611207984,76.11352620120836,29.640766400528076,128.58698426239368,68.43667406837153,55.255202493651204,0.7417461797622562,0
4.7847545938409155,30.171786006354296,28.397314260968848,47.64698016527623,144.83115395156454,37.21529191993284,5.710149854631778,114.25060844069358,2.2730137658998486,1
5.775902521175045,21.70001888641132,24.98448006628408,88.77581394149173,248.66346809645458,15.124286065647187,19.33091911689313,23.900715614170565,1.244979753199099,1
7.879501243877819,16.654701023243547,13.316998279290154,54.356928082979465,267.86688603811825,106.3701320855991,54.367730537545434,117.10613483352186,2.4413795885376723,1
4.593087742943304,59.938005031028624,16.972493394604676,65.74145658045333,44.27783892677926,117.58933397538992,65.72294277316985,35.37025042356903,3.8207089719983496,1
7.757873930355743,57.49658252621465,25.36624916225673,33.287251748574874,170.7416685882864,135.82239357367618,82.91466372898287,95.01613300200384,4.302447098971561,0
5.6274190990936,53.2688188899849,18.275563962237833,57.697880466895,275.70431215819576,125.6787312314804,64.96721541444302,47.286691879010355,3.0370106138061495,0
4.972659310486625,31.23629672811828,13.499370859790362,84.10363007796468,128.63237123140817,88.06951986683393,62.10123797166361,25.738953495904532,1.9156226688472682,2
7.286948661456602,42.36341971338602,37.309489921554714,82.36717234861723,252.2784327999432,78.90680409760951,38.51899743980647,104.36781037708639,2.9133022625783935,0
7.0157713871195355,56.613343463032116,41.43577587492348,44.580706325479206,57.43478323184214,13.619336664136217,5.10917616977812,43.97469891601095,1.7480052244338014,1
8.009888054108211,49.773680120141854,35.79428621990218,44.69513961568657,281.91045710698364,42.06533808982112,15.213536992527866,82.47409446495264,4.139294563328241,2
7.4402841752155435,84.14498641504211,37.61354765114001,83.12484529386039,230.39852890876475,69.74991772528043,50.437136304263326,72.30880535952892,3.981601852423348,1
7.713923721539395,24.55078267897132,19.259313909511363,90.47589731100615,283.57362998033244,91.70550701086381,62.386040296775676,61.89319403299618,2.732927001118644,1
5.628138290285226,63.66011878333156,40.81880926539599,36.19845988274523,209.45282539470182,82.44273833139339,40.48310413119931,64.5401419913393,1.7991956615214422,0
5.209758175118891,43.30231376730045,17.90777113360285,59.25381156270464,121.75310095983956,106.54267865861976,67.10771597991317,90.54617055015163,1.6735587023319134,0
7.502459006563433,44.973973044793034,40.54289431085497,51.934528132674885,282.69072830692227,46.369701015315314,49.35829510323519,19.655020553578463,0.6336719788202378,1
7.7273389570690565,65.23184359607234,41.84457881897853,86.59474960473355,97.15869736656997,83.44383899482152,11.304976625516538,83.49987281536957,3.763283404101181,2
8.462020568002693,63.47053059270588,33.35168417238146,35.42911945420122,113.0083061772851,21.458491640802976,21.32138133227565,108.53933115384366,2.301532852156032,1
6.150470707645706,84.38791955915318,41.43431195375466,43.723186266272435,216.2263570404873,63.7765180658169,76.39984897573515,16.356701672185057,1.8005317136010577,2
5.988072343171133,23.987600261788767,29.08619338701311,78.91044194312212,234.28856386710817,107.52090828409813,66.61758346307735,25.471867315703342,2.3844414199910156,1
7.605651842967987,22.287675456891645,19.78625349528271,33.334100183779015,280.2329754777631,100.14211094577573,81.05476889606207,88.82951303722345,3.774951961818608,1
5.863214161012071,65.70371719901189,25.109876569968627,62.0147997464288,77.34467453573866,138.78355583238326,14.992366175279608,58.10098130690793,0.9984568308300847,1
8.22302930241426,55.487084190448634,29.80682806136358,58.7369572541818,243.4394498613827,46.12584637840828,89.16891544228129,54.39034828950572,3.9306239529673093,1
7.933651007372047,34.19124665918641,14.192446860810449,51.73607663426866,226.79289495114978,74.76460889261729,22.799570685744357,25.066329799865944,4.090035340433416,2
6.215976109500073,20.559355829229062,30.670297938517383,55.64720049573005,37.8624757510074,52.83895379061958,6.001289484364571,65.74470447895669,4.286831660135553,1
7.5034842711659895,20.996077471750137,41.435335102868834,64.44613815046515,128.42247953885794,67.27840482769273,89.7809498195521,23.919984231601497,2.089951969690511,2
7.518171496338729,77.59336122648827,17.703229493511827,40.4888782952449,99.17432797682761,121.40351688302046,28.891280262834616,62.428250194159446,1.3685616161506875,1
4.91249547534373,28.430712730312003,35.7778534886515,67.17973208843352,105.25731881912851,98.94717977450325,61.781653463567594,93.99768288578224,1.994563273866794,1
8.110211626718266,37.63600934808645,39.236963813388584,82.35310140449911,295.22512627531626,124.71735487518562,20.01799670498594,38.409079367587985,1.831648384925613,2
6.521009489791428,30.86594815588916,40.31104778460663,79.41046043636034,199.9776757743798,36.45644408314524,54.319425236927046,62.88647849977,1.2046156500114402,1
7.805829864430967,39.849741408235616,40.804068132163415,40.00349380509529,220.94932418217988,123.53694531938694,81.84297384863754,119.12175663365193,2.9290666804059518,1
5.780198404122447,19.859668992226535,27.643789161644158,39.70121553319581,293.4529384482026,17.769095643189974,32.21539923141728,85.5315465689441,2.4064966420345155,1
8.082092913984802,51.334185363578925,41.31923723974511,47.431333903419365,125.61649908813884,125.51790645682982,61.97158796377053,102.54924484357184,3.9628039692960146,1
6.056806714936652,19.73287945145504,34.71930621403317,53.46985721216742,244.51524716678566,52.77959132989463,20.971805047865402,55.63323672166003,0.628438321928233,1
4.543350605921193,71.02495554756531,16.850143087108858,56.54961279155137,141.6686697252587,50.896392343828644,58.107608891091644,94.46470154384409,3.0754717102205054,2
8.121527905677056,31.35984573373031,26.307003194039098,74.18031909416744,263.46942810819434,76.57151497082631,33.598279904488365,14.456009023545402,3.5517955140462445,2
4.865146707144534,52.80083402231574,33.549935261160115,33.6842280907793,70.58411156716488,132.28972440402015,22.952701979975892,23.52023007964695,3.537946276753228,2
5.7772545503616595,76.60553612930208,19.420209474572502,32.25372577469432,285.3521295779983,16.2115774085827,31.620474309808987,32.33776522120684,4.0442958683821,2
8.30024786820322,60.56141583330359,31.218455506466622,55.47418659135408,81.2560783550463,55.79002675919689,20.201490823162946,54.21471170767415,3.4161349713179763,1
8.302428587750224,52.307045058593474,31.998014371398575,75.31563998896873,111.34174195466083,121.35435852883364,81.66286916622003,103.03193661583394,4.211240246590785,0
6.793751552493145,37.70336271807629,16.88099231425698,42.57329729217137,231.73382554989854,61.487082066610675,38.76088533695595,48.089265586672354,1.8306263992835659,0
7.027348848679197,38.31013391407386,28.952559373582687,71.69779128165635,130.25143963831385,35.89039668761871,25.848740922821225,82.00833128670092,2.5128376670061723,1
6.293782087913279,61.86408686387331,35.148807329358235,46.88882896611946,190.29918549460507,65.22324357308352,43.114666486354295,88.02457242838318,0.5563186531315627,0
5.672843086792258,84.58975528548173,26.966869936078258,87.59559707287856,144.48058029943996,60.12182519391701,32.24557417855212,74.48005894971756,0.5278303492131649,1
5.814658181479664,61.328743289456504,12.363093503283222,88.21984637733007,227.8635823851389,129.00410619067145,68.2756365741327,49.29661649871498,1.4605064818060796,0
7.190073824308154,54.044839215901746,12.271154072378765,49.32366827828622,83.93275066321104,109.05146884660262,87.55369251026703,73.47586758848988,0.903228788556341,0
7.50949811775072,66.14553571674722,22.710880319100365,44.949594007610635,36.368236426325566,75.66502224672082,42.23286081929998,47.649215206872086,1.5408454717430144,0
7.666316174903394,47.56439285986027,39.78582205295346,56.734758184305036,103.98023129245854,138.48817367380425,78.18783899764043,19.22611124072133,1.2081731781135896,1
7.658472571178216,19.209963982054965,18.860303388108264,45.63455303670967,152.80642616316047,70.48607906587003,53.098361252567656,119.20843760046158,0.614080099354593,1
4.8648244121947615,54.360777111453686,31.030910666150614,73.70494981396074,67.04561461395,17.57091800663578,18.365031533009848,23.9900698995762,4.137216585624198,1
6.477681218810326,82.03376991537661,18.662276120799618,83.69420449563856,119.34324110378883,44.095661835948036,63.702933076914036,17.95832222196631,0.5328925255555661,1
4.730235040066577,27.271205965036174,21.650099689786458,73.7509885092291,131.9952451221992,66.68916242851064,48.64193225569471,106.63838241278715,3.4443285773483416,1
6.698115529294942,63.3003423574466,37.44126268804452,83.58277907120771,36.069716232716594,30.397341138995614,60.30155447642879,43.20181269821846,1.1085915476780661,1
6.266122005493508,29.065358206133954,33.8658432680984,55.80449054348582,183.32602949157726,133.1834664221256,80.62343006859152,81.53266714808584,4.1489184879984,0
8.0508167310332,52.50793791311569,14.861978319396318,40.16060309607596,267.61615983196054,109.6903567163105,42.43693850576392,46.190630262845616,4.071183758359544,1
5.903660050208314,21.767351475270374,24.86106062959301,77.96681158084348,62.488015626854676,44.87733605561044,81.60009797347523,53.05996978739183,3.1156045854770293,1
4.968268065710424,46.52596553807296,12.875092909357933,53.430842834201,187.38624375242392,86.80458935732906,68.80686621394067,38.83242692184761,3.1889365992024206,2
5.071966728211343,67.93143302266722,26.42670439809027,73.6326036398936,206.12697737503694,103.78839042424437,46.5314186996287,47.73484063723112,0.5213565678787542,0
7.546042526869889,39.330006696728745,31.873020351032043,47.59185622881477,137.41371051740072,132.36626075788374,56.273881530926914,55.17704406451974,4.439486264454408,0
6.972872253265044,61.54382071410526,15.555078707944546,35.279926262433726,216.3073244619956,124.61259539280339,32.67439626411597,89.24576760015772,4.0113304143032575,1
4.904490704491161,70.68149725528104,20.666548167274968,94.51781670670462,135.00483217748337,76.97498939796778,88.6057704777958,66.2689813658271,4.0804249029203685,1
4.83642722445999,79.90244736356169,23.93509876506471,40.15309801548895,161.29844063368176,110.70484057309228,61.72484885928366,113.79217388726747,3.1369781482034877,1
7.30387652583648,31.42494572988175,39.585930739681494,94.24736460762627,22.058852475239554,83.07881799758604,8.726982462213542,14.606843322265306,1.8791477146181461,1
4.791052025456774,42.95211410665157,41.79765046268892,93.52319561681907,213.68163195771288,81.85150570592022,32.762861988580745,65.3375154895231,4.074594596361923,2
7.787440237161425,25.66912093312922,13.347338969868476,81.59817675402257,205.17595010452283,24.916454583964946,57.98172686951989,74.264726771489,1.6660677126047694,2
7.324968908625985,84.47384515108627,34.83023770486176,72.86249253532984,30.752245651376477,26.397895542099768,9.788328612935384,111.22166846817014,2.7508461733688114,2
4.825395122567599,79.89006775470067,23.151721992070296,67.55745826632051,123.11003007063726,78.83936995291947,7.030156262127135,15.407437598357035,0.8989238893755296,1
4.839350856340768,52.79699911963917,23.773745586884402,86.29660044955926,294.1289154216669,44.95200084727086,43.25206035986322,73.08495434287377,4.187822520531,1
8.446558314004701,73.94233060634949,34.62794920041068,48.81356890526672,137.8062375192127,12.734797319860922,33.27866527387695,103.89929213807528,1.0630818310848533,2
5.997083183024481,51.467058409042956,39.552792964362254,60.39927881151701,160.54471343691569,103.9690965070276,42.2553816828191,36.612050093116025,1.399587222921629,1
5.982568588267563,58.65099816019318,40.52785783507645,70.26034800882263,274.78044428472117,14.223257569721444,27.328931339800437,106.39215833763312,2.73253663251286,2
7.75119826903001,21.238710248121162,29.313677581149623,56.72738093151692,220.8333252424118,87.38598934352709,19.001008490153378,12.0947750201721,3.556372000851926,2
8.288994309535434,67.86892943477656,22.713634779015084,57.786619515867415,182.9796367147826,80.09519323655087,63.5771853433287,90.57000920471027,2.977405223745196,0
8.444004255291484,23.93994385446644,35.62647257576337,51.46850338763549,243.3853107755003,135.94590977511456,48.738544882763044,112.64245432855184,1.4285356512006246,1
7.5135127410357665,72.824734117677,19.530041497869007,66.67506808449484,262.02255460767253,72.94770811519342,22.01310795619618,82.29174278040685,0.5037721701099613,1
6.0050383421236635,69.741966136927,28.92222086500553,85.28734432098254,147.92866008643472,18.26818672911366,32.16510123209986,58.29321683784927,3.528602321229757,1
4.834002866794675,64.61212884200836,22.757353845746195,43.09934457041034,153.03034218091392,81.71943581484001,55.303672151382706,14.936911811998982,4.4408293036443744,1
7.608587663709747,17.531226636733347,31.698932211236283,90.73814751897369,128.094261982514,119.34250218009319,11.139494603160617,111.21251946548917,3.7396524812243617,2
6.73361699894322,36.218984916173,19.211967386805206,74.79069749363492,290.67771920516896,139.5904069565872,17.53350578762526,61.73258449607323,2.3408264726264614,1
6.196888036987906,33.417879893759,17.747788372044774,83.51275882420197,215.2065512012981,65.94461257957943,11.22587634912816,13.189641876954282,4.115069045596426,1
8.125417540378944,40.20954852300633,39.54717260026311,66.15239502095076,43.30245853826024,51.638836524576526,74.0469732807001,85.8803178461638,2.1393906924734,1
4.944789929224605,21.134992273468697,15.054110488486106,80.66858559256413,261.62869452764517,127.86492860375986,68.95478482302079,63.0020978933884,2.59973633697387,1
6.470500417163437,80.5870476121744,27.17873723204795,31.05302582706537,154.55678343415505,34.86147677989578,69.03159920973685,23.67798491866518,2.408519069582733,1
4.545414579069677,53.76615684986634,18.625583488890268,83.19472761066979,39.251093798296495,90.00575895428047,65.88765419546237,33.56989902412855,2.2904954906621,1
6.374642567976505,36.38670174606165,13.167898899770023,32.609025840548824,173.9208314457271,62.7428751435232,61.89776101193888,17.09397485014309,3.600763077175623,2
4.725213102727349,42.788706195199836,13.080564548742792,87.84436946358606,136.80599811319658,15.340707444222186,45.54431280714488,73.1722893679431,2.607075629077968,2
4.975271665072288,46.30417783533849,17.25665316317482,94.47757857051181,265.76983336153495,55.14750165974071,59.59364389810477,78.42324271772101,1.7668684881008643,1
4.970104987108419,57.04160333524321,38.00311063518001,49.11438504149056,77.11848901062847,44.4797079253477,8.260732156977845,65.63165281909889,1.5326326706339133,2
7.096841208464254,51.09755993875484,20.4743623193108,43.670706158576586,251.41009065781122,99.19185001265329,57.82447592582669,99.88123463028764,0.6509892678697335,0
7.484179517061693,79.35743812500921,40.513775117258874,79.74861865077264,176.15283353192677,133.34276469994936,71.11960497063455,104.7109703438815,2.832780647532184,1
6.833475060388638,49.78744380340812,29.448668789675807,46.44671215981646,35.290884899771335,44.84613435922291,47.53046063267317,77.71868363514393,1.4198456616041368,0
8.348690193898168,84.45106103763189,25.098425693062982,86.26155490619323,292.1166843711357,115.49057208971863,35.38863291631514,11.40321276781736,1.0925356880655324,2
5.999482318094817,74.59974704215671,29.402665040083637,36.68476849023599,163.53226834889597,17.196776201993238,28.581272458083227,86.47526213225092,3.1153198553107107,1
5.642848345127443,29.595736005013507,27.50095155678803,38.18708776465829,101.44551918484309,79.95573130517572,59.63817426377701,55.97991386123867,3.2248370312861954,0
7.974396512757841,80.14166502507413,34.76328761271975,93.64485108154001,151.43391575699226,19.171508282286297,63.88810188354224,72.21132315490257,3.508619569030664,2
5.39438335407781,23.145647851983327,20.474881979185568,73.79952838755031,260.20017938489696,131.42428884698313,79.03224598831612,81.39886622207729,2.514307585354366,1
8.352890157762445,72.22147959438341,22.591511748009072,85.04766958788193,105.37287482781778,109.62566647246072,34.09839700918421,48.526027575978446,4.076218420815547,1
4.548617898759265,41.6436305433606,38.82282907599752,51.08140952784867,73.94939101627608,95.533488456597,70.43064612777478,110.88083556889737,4.245371013592911,1
8.379515306830555,76.45820243115486,40.393695394512164,73.97144371883928,56.139949140646806,117.10652961120635,52.71524505609372,24.737235342475934,3.7294837591699577,2
4.6726396478023045,75.76396830752152,38.776746824594234,68.62571877505883,103.40063154925915,94.1775734241212,80.04110170763673,83.86629880091412,3.042373928032749,1
8.064572454792284,71.41477800823348,24.583439818719405,69.20475780799156,238.41346437121217,135.96277163265785,49.864029205127764,10.479553795223847,1.7148838143647547,1
6.6108044363452,70.3021305414943,35.410965090206446,74.36460986995189,152.05538225467328,102.8145332224203,48.99853541382721,111.71162159456989,4.431779686480885,0
8.471859184477202,36.32753973686285,26.290071999032964,67.39834625339141,83.6948490341912,130.20561924569208,54.11955192247727,22.375454656190065,1.5965446687677534,1
4.7951862589415954,20.664349813587652,26.926195564383065,57.889054004673284,66.53179989072977,77.22714596138294,68.69180518710692,20.43726531623321,1.3106276879617242,2
6.715417137605283,43.208612513561306,18.14040327171852,47.934975134735545,113.16425342290614,25.218373687642146,86.99869070041917,46.63083963574687,2.268616455146331,1
8.377210142476397,27.146716049055605,29.733909097755493,79.95778650935813,283.1788244079985,78.66310378499223,11.252885108340081,51.09229146429887,0.7273622828495538,1
6.592391376680595,63.64657622317232,17.58407693260044,44.7077079502071,116.04747952520682,26.493467648202127,9.541941203236458,33.573007955516644,4.413977858687163,1
7.01759455254105,39.22698085764499,21.946940972015813,75.00302990003692,296.6747412672979,87.02415229293265,84.69177867962377,74.36338270198371,2.8537342256656992,0
7.282994755938469,83.29271406019404,37.65090604859805,45.16663347220623,155.86452761429973,72.72409786859617,50.03942816904752,58.720550784615995,2.727808366656701,1
6.318164259071093,59.86804541417324,18.212274276325658,70.64646104703951,70.16589712124224,90.93480171826162,57.266756238189565,13.759314794519616,3.1231851195988796,1
7.010232320336254,72.57363945440527,14.134748555202984,78.56008736338688,269.51922570218267,11.306107537128106,46.00600613555195,45.16172684808307,2.4880945911088266,1
6.837257247692401,24.276727091929388,14.070227778384488,44.216402778925044,148.89950447775152,35.32926391519733,12.96088347163533,99.14762049304875,0.6282540683781663,2
8.104632041963956,75.34101375908358,40.22353561509324,33.896314555985036,218.70797618126684,73.87295614857702,70.28759716558666,85.86716883480554,2.949245155361587,1
4.681785521365832,79.59300333593761,27.207613138855038,38.51329329462131,295.4392432985625,133.56546300658755,68.51409483252988,89.73579389378685,3.3646955078257226,1
5.623852758368921,49.09433431732551,24.28236215451055,69.38980287261666,34.04909808959272,59.86917524617059,31.49478232688902,86.79286164918759,2.1669962424962126,0
8.301645936306235,57.43770564256842,36.32635743023755,85.2140164046728,47.0744767405188,65.16836338697252,31.030335844414033,44.20703235213366,3.5291822882847717,2
8.061055135563665,68.53668606320969,37.07477783731548,32.92479338030258,221.72788760957172,102.91049157086088,76.21651737696908,20.963031428445348,1.4080051973536825,2
6.322627011142852,27.238703908228878,21.96573099346814,77.719831837707,98.91100092273216,88.49305844719534,11.150366908012764,39.971390243640556,1.385106364264736,1
6.9805303912061465,50.17962535244097,32.80854172421385,52.18571198675339,71.60439114602774,48.86039951278332,79.8939376103081,101.49638302036752,1.1456679507502958,0
5.60952473192453,42.906411944061915,35.1336844755566,61.104344044768965,31.02132634952426,63.40613142376561,26.816243641152727,117.85178775613782,1.9879790391566474,1
5.252484638895045,25.24617945135744,31.639520605978635,90.37587073996177,26.117079356136507,38.30097385144022,55.403703559216986,64.32317162157175,3.888048141556334,1
6.354793619759929,40.727409560407196,16.547852244002982,51.57814780782996,236.85596887354143,135.58278968692713,84.5595052151511,11.067039041534644,3.8116482485962573,1
5.913408912104211,19.772061656984548,38.27649250551171,60.2469007060666,57.641359663474,26.982469602456767,62.64041263061495,25.404929334765193,2.031296831854015,2
6.834624447403488,16.80683348646409,28.17283658208026,30.88935695944427,150.96177247192225,58.33878199363453,40.22653405969811,45.42886328478924,2.8564749439209463,1
4.810938547859939,24.461640240837593,20.47417279110011,35.3039168003145,189.65110825025525,13.359066388601455,63.61040775696029,73.64438834522447,3.3832652658996625,2
8.397579230664666,82.41805781124216,24.756845563130817,46.808453423760966,139.93850415927693,38.83133395136103,34.238269086891464,18.260301038584537,1.464827098512092,2
8.444842977918412,53.467067512651184,13.12713271196722,31.810395653369838,27.58986265414527,111.46124798942014,28.56696538968082,113.76930285808697,1.1725643435789883,1
7.2926468560789806,82.6075512807254,15.836004036672527,71.03939619313631,239.38042072461448,36.15278019755433,89.71807862444777,50.15920406128408,4.388383972849244,1
6.644385465376482,45.27485148310924,34.96640251547582,57.71589319210547,22.94370287166298,20.408242328765528,68.81716965028195,110.38426397173053,2.970229252838474,1
5.738110465145311,36.82712931596817,12.000349042660984,65.62943817732143,233.3291704256955,71.67891337978803,59.8011980774545,95.85739830327239,4.4256628873346555,1
7.755180078827795,50.429930398817085,24.496974854468768,41.35206708326142,270.1252582606744,11.296000515487405,35.1996196736421,93.09809997671393,1.8510239485289164,1
7.2389246902155175,45.76581820430371,27.675305432567654,49.235581913380045,141.19517789600823,21.019600075423313,9.178670478179093,76.73915377604553,3.312126799896526,1
5.150467757379565,22.396527898322073,13.639032600029168,73.14859086542714,169.95189246738352,114.99136304318677,7.639834462988227,78.94621987570291,1.3904145461649509,2
8.14370873797537,59.85784202831444,41.19234488916999,92.744677035976,153.55534993294305,110.29153483174883,52.1054067131479,80.18035587378729,1.5448006850956517,1
7.790148971692676,30.122672775671973,18.78375993749016,33.2770902841436,128.97841321456286,128.96804665263647,69.77278128831934,79.15935257281403,2.547608485078496,1
8.299199653167696,58.37115684284807,21.125961589088426,87.8749808555923,268.4788699037009,121.08700666839744,50.67723118772768,70.91010545381974,1.778472502032285,0
7.40287803355344,60.51407646787074,21.11827536765082,67.49727808522854,270.3013829875973,98.81282322117636,76.46673111482474,118.50554203311778,1.1704862553623379,0
6.953660783743159,25.64173971900537,18.912499863520498,66.65477183911554,114.02858209962967,16.803271449086168,7.841255312923838,90.55196241682657,1.551522807957304,1
6.1729721451624755,19.29447389774677,12.044214662589342,62.518104788504424,192.21953112411543,111.77032033826548,36.17392649620491,95.46410272317733,0.6429935778634586,1
8.230913933416053,69.65331102479078,33.88034382263989,34.51061558377192,279.534117400842,119.91640540927285,25.150983249805133,105.97090965920415,3.3176944859099464,1
7.964255558001634,47.18602966385241,41.00536499397856,35.84199536285044,289.37637970357844,113.88067895035408,43.01820229335537,33.72037389984341,2.4684666283434464,1
4.680874680424758,19.071465685383306,18.72880449855135,69.05928036784059,162.5085313181733,76.1022745900434,11.15199342150041,19.218457500456687,0.8769722656181025,2
4.6054678979890085,84.6406422018837,31.891415754102674,52.16230714331129,146.79094547961148,40.27723902443262,86.10118953354117,63.11838802584585,1.1867759725139648,1
6.005853467512198,19.044639269745666,34.25688980876146,89.62242432754925,98.03440845998722,119.89289683953447,23.976709090895678,66.54887651812004,0.910138152450576,1
7.742213323127332,63.65246602009872,37.45276137271574,56.4283849283657,288.4841244933148,104.531165266218,83.3961609161047,101.20999579449095,2.950371233103506,1
8.449104517259778,83.85752476843895,24.678875910408273,39.31329481567167,59.98800525240286,137.4989526705507,41.20091817811795,58.816193721056926,0.8768414544499752,1
5.101667564414113,31.742607295114794,21.087927169212875,76.45672417763234,182.352281293363,30.24003770827128,88.76955132669353,72.7938328098744,3.5171293321408643,1
6.8765228614085405,24.95745580810373,21.758854020690933,49.06797239366564,99.11407490521889,39.33639579676716,52.094962594117916,67.97780323648041,0.5820436772815647,1
6.0235634265240865,23.496945759570025,33.378639992955385,64.15556997813306,98.12232129738305,37.53375948459535,84.12079345494364,14.202306213313015,1.4975031519835684,1
8.379657591258413,36.22926032973169,36.50338399516908,75.35913105783605,133.39120446533275,113.03016979077377,5.454664039008942,77.67363862566054,4.062666703567629,2
7.868475692542835,22.07320677074527,17.44841903269808,88.51716722813458,299.66202202838326,34.29794853851536,68.6002985253765,101.08476143516775,3.374125272488984,2
7.853314818844551,63.451293918589236,23.128230244732954,81.49242766210895,35.39056591515018,18.665777877029793,81.75930551371381,27.32506028833842,0.7918733317027509,1
6.374772639179881,19.36042586910439,39.0582059024745,73.96346941172706,181.9917090969888,139.81290485613172,16.876248193211097,75.37649073192553,3.784504417940719,2
6.159278009350661,50.65954897048528,36.20080559084218,74.17615685568433,43.12020424987761,13.226237487869389,13.170697397232876,75.29715988910559,2.472140486160819,1
5.593628287722825,84.76877976970837,41.54575208287427,91.48510186208563,63.265832397345314,118.58172782065253,41.08867161080622,28.060346046199463,3.887132108675317,2
4.7255019866037085,71.97791886542132,34.627447790462426,49.22856633727484,143.07762369641165,57.497689401584864,84.36270702129949,23.580993110380962,2.9029590978015736,2
7.958889505020213,58.06536067617076,23.79585603083767,30.072286122752182,162.92883677700357,119.41000976851599,51.10285761618729,117.80571372741333,3.227332128131435,0
7.751604036520311,36.43775345506282,29.719135019839133,47.67704636088291,92.46187434206672,82.10066385744885,49.83379941634723,53.30910866183413,4.474006241582833,0
8.498870693144521,58.672708540414696,31.83042762741961,44.16293967573836,108.60799664483653,127.21205983322682,16.99572005544236,35.01639015958822,1.4293421836960727,1
8.486547348295622,51.89290247381562,14.353674489513718,73.01924803240988,44.35076567166126,130.40508823390147,5.067108442923597,28.845699889981244,2.9957822990455534,2
6.72172682241051,44.82583687232601,28.334908773115952,71.19125398475938,104.90153947639014,11.18276356650088,73.8619077133642,83.43618849415586,2.3412855602295934,0
7.575949660722042,24.149726371813962,33.27962485417829,68.57498987580705,290.6363630265523,19.803582879062475,12.44383785383025,77.03898270600067,0.6578078116907657,2
8.279062919529713,77.06229506683266,17.019639120031812,31.05582380861449,284.51806686829485,42.54663484421121,58.87723459250254,80.79073352861592,0.5578825660114601,1
7.898589562709645,46.484925417492576,35.41895152276672,77.37057353929208,113.7659212383558,97.01100412725522,82.74239863379127,19.680663026259747,0.9769143112714347,1
5.48939240697279,28.623575827453557,29.51318341542335,51.02947681155695,179.83910215805324,125.47538554649579,22.735412618466636,108.28880418482807,3.0963669621541925,1
6.3021765412403745,40.74315456141027,40.56665357092784,73.22863928543103,274.6867095110644,69.79245366821516,61.54819108013742,52.81930364899531,2.768652351653569,0
5.01663766060598,43.989082677024896,13.272668946206752,66.17759785263996,21.731470339451068,88.90650511565451,11.689379020138304,44.47063470733937,2.7137182446549097,2
8.316204109034889,72.9276526896812,19.959784126664008,52.27751015281397,246.9913996945257,34.504980863422944,56.3191872261971,60.859759197251314,0.6274270501130403,1
6.92469853780352,66.35300663929814,30.04661637899472,38.747457361767005,285.5434747808973,114.6456884046191,18.93419628102223,52.90726723223911,2.377211985440028,0
5.414571222013851,68.85134255489379,20.89679736617792,36.13722834793126,45.571205613395975,135.75265447595106,67.55605264379014,104.99347034530605,4.198491271370115,0
7.186802737623427,15.772188510005305,33.43272492213727,84.04869165229454,65.20535208921788,44.91786127889767,30.604660057482196,112.21870727176812,2.0903674772425864,1
6.972512961831583,44.130779872583304,34.77015847565793,89.69584023530126,289.0089647759795,74.32737370807102,44.388235748394926,43.379853809456684,2.9996898791538253,1
5.9326508721313616,48.69409061447266,15.075478921994232,72.23622303967947,170.51124021929695,21.195094365828595,55.95159607234785,105.03293882059502,3.619274702492574,1
4.954230368798516,16.343459377613968,27.415633926203032,36.72321746593142,23.975057652082636,82.68776534018589,19.558239906630362,95.96754424863738,3.6357011165675504,2
7.186292782371199,33.186924612152396,27.26671666773168,56.13176909773564,92.13695965378817,75.36184744006847,68.03921458249778,112.3888439579238,2.5771203295810854,0
6.581230803615173,68.22028761854945,23.078423106466232,77.38104800683521,145.9842287952807,28.776742940160087,30.724428954129237,37.03253434044766,3.9318077816093453,1
7.589273566942557,24.597679401029936,39.98774587709016,80.68835746065443,214.01449508693497,67.46860770534975,61.30160809258405,73.4655065133077,2.065512373454988,1
6.5806540044479735,52.47170920168141,36.82518959619664,37.68421044892076,225.28490587830387,53.43360477125322,18.454059309446762,40.19990432144891,4.054772859139193,1
7.908726001274161,30.064131041206625,32.9162814572891,30.00199672494986,298.71802361912773,77.83801378967462,63.49000103253977,100.65039395328117,1.4609086655821812,0
6.707627355097943,15.84845422507253,33.42979907204993,76.28890798223932,100.50313582745252,86.1350636057439,15.895986188889248,10.585660962817068,1.6208656279622842,1
6.7437518861415455,31.884102031967902,25.851484314393574,53.178751439103365,170.70162852317307,11.104425218937235,41.15530218294861,72.13010791750358,0.7124824967960044,1
8.00661441063338,83.31116284370377,39.629835632897276,46.541286555186915,169.3305934006894,108.9307777834422,26.01251626780453,47.31237743991098,3.6823273461691315,2
6.113931464849588,71.10759783180927,32.83786281759856,30.838335536319153,133.5806726452265,102.6918579420263,68.61189620139552,45.49520777856023,2.1682209449308223,0
5.036060913802563,82.17036510247233,33.8694318496745,65.11946143949748,67.36533027587765,57.617230206847886,27.272975383084336,80.93969562514087,1.4164664556455961,2
4.615130705253356,49.149783074845374,37.85072711362036,85.3247978026888,293.6878376914759,16.881671623946374,79.94597104360868,103.66328942453933,1.4271611104663187,2
7.5205490226944764,22.681533907425244,20.222147680265728,92.2460570077182,258.92881226664406,108.14123017205655,80.80471796956209,77.01149305326588,4.105599764916933,1
6.981238205413859,53.35716422815851,36.212127116001085,66.77342178986379,159.5332479223864,134.17277086215722,21.697511793936798,103.84902765113948,3.8356664018441475,1
7.316319072396894,46.80641341919726,17.85721808869476,63.43998630309312,188.90871835152834,41.21970748286185,57.17690532565656,39.105682306913295,2.7141235414287332,1
5.3518566460356425,74.10499579177312,22.360258567346634,35.52866505680067,83.63309499670544,52.05819978581493,12.455999546196967,67.14520402414792,2.9644432016628843,2
5.045485902347079,21.865780654897122,22.068313628095282,65.67673210026899,172.26037970968912,33.89567563263594,38.28065346613848,59.55901929737836,2.397302282201164,1
4.558178662671528,49.176879591524475,41.355764051674214,54.698640132750654,214.59163727401324,85.00169603482915,65.63234700760813,11.280938945340584,2.0666661715152355,2
5.902350235226388,25.5034065285789,37.69611671243781,69.4637932574325,164.24676794824487,30.129381304169144,61.05097598224288,71.2493357454814,4.161907524873326,2
6.859670747418532,37.7273148823042,33.035095847707794,55.26721261197554,297.27984776378355,56.305212649979325,58.09955689956168,82.76767565607923,1.0024508140812083,1
6.068976180398929,66.61499541714598,33.81170284846171,45.619443024273835,191.17566374936334,100.61169181145418,29.015973411307705,75.11058448609771,2.173787158864912,0
6.249899688094916,48.32126905581366,28.862183832077132,36.17274288984447,123.87263952580733,82.81507779121529,37.13212070192417,90.99078886617636,1.8782476319515014,0
8.116634777974994,41.31217996020385,40.41272001325557,50.469698898278224,236.2025677324347,60.24013336263158,13.750422299524326,72.84734812983848,2.4926028810045935,2
5.893021868093202,42.61333949990247,26.887762586470846,36.2819142287039,67.72950324285978,64.63244823498044,66.11693973685608,17.34252803358326,2.3305274981807003,1
6.555957956639244,47.16127378841907,23.415531296096837,41.49830180355896,127.66442783775463,83.07441474101984,47.83054772725825,22.809007649318257,2.5755581266043257,1
7.634612050964572,69.95115806859398,16.89106010794773,94.17685030767049,117.14850610572404,10.762414625330969,65.24507874938064,75.61220352983476,1.0596759089079764,1
6.086171129285081,77.4459282258164,35.58616956783174,58.86673119893021,140.90598663017764,20.20628289896928,26.160199607734185,40.24771111710042,2.5525660060531083,1
6.9883468009114935,81.87342805527499,34.033317962267745,64.57166482282608,238.89835126004337,124.56354880919152,32.577249433980626,18.760964193824243,1.4696752555488435,1
7.94945483498698,70.08323703787066,23.530651155724044,86.785204367919,155.56844900575408,20.1242685818678,33.40830366710975,57.25630177934014,1.237325395952765,1
8.298082494630568,37.07848270236089,12.75580241877688,94.7119785318947,242.32404607446958,101.88446750736567,7.188104828513377,70.97548578920208,0.7593368751447649,2
5.088293923716152,63.16942942605795,37.16991983154033,67.8764392074043,181.41689287916245,129.60496133417683,33.989069190603004,46.16205871845672,3.5506102350245636,2
8.206350500645978,45.63221868387743,12.34253950362221,82.81079836787116,115.7794417041155,45.18886855922504,73.28088874903285,89.24770724483558,2.20976768342624,1
6.468465172318153,32.82694354322358,33.11099338887153,51.25116658188389,246.79404823137227,58.16388681773685,81.27037213872778,80.81476689113691,3.0065747332470334,1
5.532977553195833,73.86101055981459,41.10771329178171,49.87335723407392,86.72110775486564,83.95978275981312,49.04855682905384,46.61001972008391,3.4103733732189734,1
6.336543024953045,17.68984442736275,25.129839844446103,56.17574186464641,82.82723434394273,124.62216605301602,43.71764409363372,93.03597817994167,3.217266661254214,0
8.420130301141908,78.12333944947964,19.04920214987858,73.7129720737872,161.260818735354,132.44772634385464,7.620092589446472,81.3564546786339,2.382002876358729,2
6.470472375971479,47.30342252373139,33.146130301301454,74.34245980158141,93.0377888693849,106.14322225446485,79.73236869475753,80.11899165896922,2.0515941158069193,0
5.815006441150032,59.60410337657963,36.51384426046755,50.4905632522143,22.54436978634057,21.260568911110223,6.105868141199181,70.87704708657748,2.003839638562655,1
7.033603417266903,61.15477455440479,28.39290948233542,38.658645068880865,201.52330764366442,96.9900402195306,85.303756817868,11.252863489740808,3.0601951877202254,1
5.460582475112773,77.65824184945754,41.01105825768438,71.10575667025806,163.10627001227144,63.33948384344607,46.58338113848771,86.6157901824578,2.4791774197674936,1
4.803453312434655,59.56687775170451,13.550061649738833,38.341181042269696,144.74498805808514,71.191129933838,34.064431953851766,51.36459702200721,3.8965289919540425,2
5.015518887642597,57.975350933204325,27.143867949135846,67.60201303490646,290.7511840931283,16.389290744873016,83.55856696162611,113.68706811745211,3.9988079373068484,1
5.012183355831089,19.6656428392483,33.5536184196765,75.0724383236601,179.93577150961585,34.83807811502656,7.073234414358223,99.9783248184926,1.1822415120260739,2
5.107610774049178,51.28856153616429,37.87921413447537,75.53974726563936,261.7608417810277,112.7667689793742,54.421116063872404,74.64639164844435,1.0449346061829026,1
5.0553086905976405,25.511830057192917,17.377668357233702,78.97568719287378,59.046066137444846,69.01464829622176,51.6592645824437,37.74001800011963,3.021603704143998,2
7.063498979212858,66.62036381050399,36.00010445291044,86.7358624017682,179.37780967623976,49.21609141204935,23.64223410296748,32.40891326054332,1.7049029922491177,1
5.227520337596579,50.85553445688721,28.581212271556357,62.49733447771125,263.03429548465283,59.92247961544456,41.4554316647679,47.442332144530404,0.5742828750603954,1
5.882669133295453,62.615944544584735,23.8966104596989,77.46619731942212,183.26961203837143,121.07193673233843,60.44244050522047,62.42247379380204,4.054570677451821,0
8.087153639624047,17.9171030421669,15.951450857372807,70.24622779877939,221.04396987556044,107.36987226264439,66.80615173496383,42.56720610428418,1.407603068975233,2
6.395846561051489,20.935441123206225,37.95887276726737,42.13159608684937,124.17219898741807,45.40100163354076,5.060932990059282,66.64224449317311,4.217122606743237,2
7.170230954084109,65.14263716438776,16.71819624539146,31.669826916511532,45.885864770378646,25.27523922760853,84.6325415577363,28.190746806450452,3.3697378035130146,1
5.189279484806519,20.045903519907135,21.29363577627298,48.4951900690007,148.21208263558,42.75976881372932,18.984656653389052,117.548409410805,3.550613959645937,2
5.269156075234683,19.9879709435681,20.701365958873104,58.797190911945265,130.45422943488012,129.6983386371154,24.85433690890053,21.871701046149326,1.3058459831726417,2
4.6634744650659155,15.847593266442122,38.142421025725625,70.11188638786265,262.7768510661052,85.6065489204682,27.3952428839771,112.51385536198093,1.4367777024672517,2
5.175740252288659,81.9550978809636,32.18108982626694,85.24735648270834,88.31868465869223,79.35242713682177,8.214711606923002,110.49358125429644,2.585071015296263,2
5.6143613561278345,66.62558516213048,35.90044191574117,42.75597158590077,290.68558370983027,87.53116796002,15.459430505177618,67.78965300014478,1.1883994105994486,1
5.208041937106987,39.72759859514449,19.51403696377497,38.16073634340101,288.2786735452589,57.58367454704698,88.83974345025378,89.74012990196928,1.721726770732129,1
4.854810135028222,35.75749069013587,30.74622298820997,92.62619658583128,89.33686006000283,114.92391264153666,31.793422677069316,57.96531277698466,1.7858499117912179,1
4.982543484402403,39.479226082209465,29.15237949431246,37.022896359466465,117.45454753364973,78.02721240903247,14.800592678819195,79.3038035296682,1.1385197330110564,1
6.343115072130903,69.22574718268274,36.98491130364813,61.101919556967296,270.7556074446878,25.177227359943423,14.094257199842982,47.463353116323056,1.320731333580643,1
5.32533487362317,61.29594277492901,39.18261181443782,68.06164237156463,290.6542218509101,26.778466227778186,66.1540972519476,43.12749217639899,3.6542073680330263,2
5.957079444192302,27.963689750722757,12.364703144321604,65.1893373589835,144.16294879409233,79.79168904534039,77.63833644277447,73.60527647864652,1.1687834181890735,1
6.513669083419428,27.187653473385904,32.220597571763776,35.59209020714131,109.8791727794514,131.7541283492091,26.840945458219938,64.79426416023784,0.6138295673756899,1
7.261579314517461,21.88769547993781,13.55507397359187,33.70674941023526,167.30632371043177,50.085775817905834,6.777308548494973,73.74900060649792,3.0174197705157537,2
4.657248559364396,61.22119037909367,28.465759952320678,36.85642278496732,212.57537778240575,123.04035195169838,23.962651567855243,41.53266394157253,4.4039324775698,1
7.697641595636171,68.50608635552152,20.628981871310344,68.06319945171981,96.57286430499434,109.33242625525432,9.803833717724373,50.36536149986948,1.8248552584924855,1
7.0116015579636315,33.55324998275028,21.203297985664236,65.38241769623087,226.21248889334038,42.21561757789789,13.788569613553529,19.228775669180024,0.9746228127850092,1
4.827036127795488,16.466147272163898,22.588755103570698,45.19315148238837,34.46405999209949,14.724297281111518,41.6781901870496,15.750400949942629,2.781549301470123,2
7.9943144964271085,20.752016723349914,30.638773471488303,71.45531921996346,33.8024579740366,23.240144468509754,24.54306152323877,37.880284264031786,4.125416844382585,2
8.183489602127253,82.75020243915213,22.021498970063078,83.30438763361721,128.16055744075265,104.70421140016722,48.85539967466099,18.167154526360033,3.636247119313915,2
4.744311839419455,35.68113442341942,33.98097151770841,32.7026323900286,118.97249377700176,35.95706594528407,26.54696902686118,21.415217949821475,2.990063473650864,2
5.607510592588815,68.84562034866934,24.13582156721609,62.37844633062276,108.37730030280264,58.265219665701196,84.94567059375055,99.42212459333308,1.7602259864303975,0
7.724805119172245,58.72644981979846,14.050596009298758,74.80517678667488,157.4855335472948,75.22089158083523,82.00523727373249,14.276106671835823,2.66752069310488,2
7.493038761534633,41.73577477570271,35.512795274523214,46.400275259529664,109.80540304723995,104.31086189852117,53.17851892588961,82.48370733282171,0.8649793652170215,0
5.238084077425509,29.39810835368886,20.57274973778118,50.00510884405469,73.83221717106574,24.7200590236863,35.12603931892782,39.98135236969406,3.21578169712268,2
5.337397293346841,23.49704927115845,24.98300638797788,69.88646369430995,106.65147374480826,62.82763268606999,37.397484972952526,105.87002487789391,3.4003840755906034,1
5.981888411165528,58.05090776272066,32.563316496657045,88.36579407384289,292.97319638686577,73.0594781885504,40.00744406728224,63.34915130352495,4.360126491639676,0
6.438091940764085,69.22436464464516,21.97368471446136,82.64508731968846,135.1117567585576,80.30751831630016,66.84424238147025,43.61341052606083,1.5415894349802866,0
6.973019086121184,60.073297747879145,13.697569684401468,67.90346424147293,144.519577520334,116.38688338137817,43.38931461910122,66.9402829258378,0.5738256761720906,0
5.975654558279089,52.12114932744108,23.217631410384406,77.4644116542212,181.4325971863192,32.3181653556182,77.82204545300128,52.01538209497957,2.6824338577086024,1
6.350138864532592,17.93658564021454,40.333457480829104,53.713460563506914,295.33541515598347,115.0180887374609,85.24805680408099,72.07311711368132,3.327162017587258,1
7.489883752535026,82.79421443160686,31.252031918956746,71.66275932641926,87.64835740201364,100.07419560056479,33.55542303720938,22.598615515898306,3.661629903531952,1
4.646732811562392,70.90999341582022,32.14437446001621,60.301803423291204,210.75899094908146,82.26320584586472,52.659030916932814,119.66895530938062,1.2749557320992424,1
5.509747777376083,35.497542569067534,30.968464609129196,42.34584886974146,220.47571419168275,100.93862315233434,13.079805630767977,56.81114654663893,1.5470114761480946,1
7.35339834353821,83.59792305511955,17.969764168783104,75.6129878020217,190.05083670205846,63.56230606371533,22.039869060140514,48.30537036781055,2.5503637010691853,1
8.080827350748798,57.131711274542546,24.550015923068404,66.17020142767343,44.801935098260344,27.991686175856195,40.14459017036361,88.12308331478914,1.8224032398800074,1
6.546709768462664,55.76958607450725,34.52819395089955,53.31040282698344,209.5242372317214,96.54948123449775,22.527230851651204,50.028934714486574,3.94204594634978,1
6.628453941061263,67.36512256006725,15.041186926594774,89.237047355111,37.94651909012913,78.2073998691309,79.507641717041,101.66017355316335,2.395040614954881,0
4.928688045359104,71.82388516630962,20.335583282691367,31.360717658737663,186.91994187397114,93.11872407056082,18.454331765023337,59.96977967964678,3.698314576408012,2
6.289649467293819,60.95350251320519,20.289573253975608,50.52525483121724,227.08272962208795,53.9398415337037,43.73116983201282,89.15142545919784,2.822479041929415,0
6.630469065820092,23.966702245634004,24.960567827835177,33.697290855547024,79.07156937358612,127.89265505417866,56.48443543908943,21.81985380860752,3.592360566468448,1
5.469882014538919,38.67872541961489,41.41106222826555,79.82427555440577,255.65416211197675,86.358082914825,63.80843219367178,103.0731104110623,1.8306919461212954,1
5.576972923797523,79.96585482282349,14.025076400514658,75.63698451739651,28.499065549241195,21.1023229578136,37.560896426753075,90.92897854559209,3.8256664877212447,2
6.009136652418491,30.723092829069635,27.56102983141785,51.53789421786061,256.2676018243257,68.47451879157572,78.87342084160193,33.288845630816226,1.5982892622040863,0
4.5802847911109055,41.051691668625935,17.380940460366315,73.91808864345975,148.89213417997422,108.32628711667246,53.30712784162367,25.98146107203653,2.684395232013163,1
5.788316662332713,45.24538180609372,41.12029636229232,55.73591970273674,80.92462318086046,113.2374930251954,42.3581613380419,44.792158359818686,1.3560284526954969,1
5.345792027986178,45.758349278611654,15.399105141823926,79.15649644245823,57.45788059831104,74.29761685928864,10.715453894423113,117.36776446350947,2.4021060865047734,1
5.809989408711658,57.905770774616784,24.10803007084774,59.52193807788589,286.92600692306434,126.31718420806914,44.49860481783902,38.251473202376445,1.7727008380348126,0
4.979048527277005,81.01530864212953,34.136549545038186,56.79818230905826,40.346364522723874,44.796896835258686,74.76254646933707,60.17399298412966,1.566813722548857,2
8.06210912295958,31.848489828275348,33.13663284082336,90.75744450673956,75.74615758205918,63.37783064097466,57.235986548811816,13.302224828906994,4.36794007211215,2
6.874369814216195,23.505096341064267,24.681859106817967,46.30714149289551,117.39025728125287,126.8175983739661,75.73380856697506,53.69502825228558,1.1402964219469225,0
7.216409276577958,28.82293429019561,22.395725038581546,37.829077099776754,193.66575770911373,126.51337314130525,46.99099200094098,72.8452016976413,3.649303349829581,0
7.656684954429354,77.08474301464886,23.92837135658612,67.99530236186479,172.54430387730756,99.14265994720851,15.069244933030957,114.84370737587616,4.43665983793286,1
6.493768795716229,60.20675688586442,19.92828789475918,93.00591779847163,55.18017787544792,121.66747112588862,6.159386896049891,66.84096494340709,0.5796059349603113,1
4.847681152349695,35.01347524674121,18.159988161203994,54.55954889226713,101.1238354467001,21.540524704310247,30.773661471080253,100.10180587954565,3.29610965616838,2
6.648426167274192,72.11628572780322,26.4911909267667,34.0323896358708,86.85049590408674,122.44934690701092,64.32919007731236,70.18404068257905,1.5116472222251485,0
6.847364472083516,75.29589974544052,20.056012682028218,52.05484237512188,79.79199925729559,51.68058785152948,72.17209183504397,14.486351477906991,0.6619512973132178,1
7.48175789673732,74.25600370831947,20.623849946917503,62.8855575307713,135.12041421439636,33.18309661566812,30.138990942728,44.650910270875144,2.111558315826523,0
6.226638184918718,79.32485735476881,31.702681904236712,40.52499543109389,217.12880672566394,41.118078724466024,47.130583275076006,73.31044586142136,4.2408712406835,1
5.010321211182255,32.65687141213531,41.05611995099677,72.77664417367198,80.88682102082606,64.33590604180532,40.79510687689694,114.56533625242368,0.5470603774679907,1
5.635103623194897,67.85293501223947,30.109116016781254,94.85371028566304,122.6700863168348,42.654960598580736,39.89443666987137,104.50433957263566,2.8515427677191267,1
5.95232918559454,47.2377648091898,14.309384011948989,59.36306593879385,129.45687951552543,51.67378618214487,24.66464062201279,35.11911755967324,2.5055859143812973,1
7.083668965326405,73.9398987023043,14.267508415622009,53.057356187463824,293.40782824191484,27.54720318931347,16.591543927503963,34.21208130210799,3.99353665748419,2
6.7831132186756475,65.99434740131292,40.54269662536698,56.04577084424033,287.3065799261393,48.50297952266981,21.718527449653116,32.129026382529084,0.8360068580825026,1
5.924386903591385,69.35132125498072,20.91872370922001,37.48450159568807,244.03852317058124,84.39689589046016,9.70325290888442,111.47487859327535,3.2261041195466014,1
8.44606099517192,60.93132863767501,14.762009582474263,87.41278409270456,87.66449782937184,67.44098205183832,21.841113055004048,103.79327684118927,3.220438793733109,2
6.923099277427548,27.42001386287948,29.971337614511448,56.963667608887874,39.050447945667514,55.073438960668454,5.7820762981572535,95.23717754782436,3.176320067449133,1
5.448907166943978,53.15188432278568,30.709463348707985,55.172836742614685,108.73315856177493,107.03877675142482,58.316964054058154,53.20086256466503,4.269337979740148,0
4.907129890481615,83.92688176671557,31.455144603560644,72.87986774048083,94.70247384147264,126.15629628113133,31.891909627953044,65.48187747286434,3.7923501160275217,2
5.111436556737328,80.61716465479833,20.02206083572624,58.73217236052303,161.6592240409903,108.38259897731162,87.71730047128723,61.07649192746681,0.667890904974024,1
5.483830913538032,18.022161505790816,12.45332052643425,72.13517547250999,237.76381481898207,53.16009127529829,21.46594931598532,37.873791831530994,2.3843314028180527,2
5.142725493038222,26.537037101060598,40.95046108363415,33.99400885850119,260.3304228860802,106.77748181888198,34.39542847631549,65.55308507636437,2.091812224805334,2
5.246268096205223,24.22101414181933,19.526791370733076,82.89201734194478,256.5619439149424,29.757423721626658,35.41649848453032,13.35462026380299,1.7405888843632082,2
5.640380674775388,65.81859369897069,32.28078864157642,91.13275693716116,120.70915714245898,26.941338451867818,5.718377165309146,24.499141084720506,2.305346900616389,1
5.193494381179019,72.24497308998616,33.19889609636129,72.16975010036009,212.4256161689912,54.93151481470066,76.33267600835401,107.52485557858411,2.03677673970391,1
8.0870616985057,29.945795641747033,30.300222512384572,92.04678537582271,107.59357530678162,115.00130797572741,7.719529112267601,92.68477437345656,2.2293355995146613,1
4.820934982646569,50.40968850662803,21.387221826409444,39.843100434047614,37.05355210585116,42.025272141499244,84.91528595198552,56.51552499649958,4.41704746243457,1
6.598045558281019,73.849211960784,20.132887612921973,61.03205231622299,216.43827436882384,18.222943156828347,80.82631984295776,66.8865398512265,0.854531898998323,1
6.1415873079586465,66.29610813363755,29.930048481081094,69.11743770645407,22.751714719540598,27.12223957682616,50.5193628673069,50.699877455597516,4.188923479354919,1
8.429514467634426,52.95660438442938,37.98286900835075,67.81288208237714,134.5711244883768,121.63684590884542,51.20562386745983,91.48578538767397,2.420946853884107,1
4.948155608672209,56.3243383321141,40.402011867701866,56.09501564078781,112.2261954045812,92.39182701714739,60.57112345127329,96.26058971552875,2.9949689819981646,1
6.091422396182967,50.5852382841396,15.177174132112729,51.97548660880699,214.14571078527868,42.916151238096965,37.89925101446539,93.9613709223475,3.8207318664707755,1
8.377881733101475,35.828391592317445,16.644858377931595,38.24356146577722,234.5487323729061,82.18845729266357,60.013894088817715,89.48728973178946,1.9418521165970222,1
7.962028503575921,54.55153950013113,40.34208776349239,55.46325928654808,105.14649807195947,78.58535091529555,8.805313038521383,32.495477256207536,2.2216876323518675,1
7.768288283797119,63.22197114350635,34.09605685004378,40.57295298185653,247.25556404455898,95.20667719728597,9.594048324726758,47.176697716452665,2.138073921114856,1
5.531611308179759,76.13260411025654,38.489814744893195,77.7337689719942,102.29669294138145,40.314382074810126,43.864585667661274,61.682997848204245,1.9989240901430394,1
5.183550349560264,59.540394778547366,18.078979024060295,43.57401080714835,144.97138079623716,122.3723883352717,51.71789559401297,46.38722905704212,4.20211728658758,1
7.174572879697724,68.27850759302106,29.627576133282055,33.8067448434947,223.5651875639575,50.21791307040167,80.46449942854461,93.04342201741619,3.8157195647720483,0
8.217503956510344,26.20501444682011,33.03418783252421,65.90379895812023,214.0176641829408,100.23711501691079,13.896153882171182,46.228887667495016,0.9359999594519044,2
6.72705157205572,47.309023209385295,32.403356563409176,68.6899326267611,296.463172247416,12.096204028387936,74.9250738114806,25.205529546387087,0.9324934099083841,1
6.786450757879599,15.65321338789653,24.244550726000945,86.67434898323286,83.04508678046092,58.44542688623914,22.854023669825914,53.89444972531345,2.2114780594119647,1
5.619916374641137,32.26752051651361,12.461846750739255,67.50380480714932,205.44901579108307,55.72227633464508,38.497110123352705,117.79058760606183,0.8946295069312362,1
7.577971732767748,65.85232005791033,29.487781704127894,52.45625549202397,190.71093431721766,80.65297571579188,31.911206960330098,34.84695542269335,2.9763723810844787,1
5.2481749942300935,84.42669659445544,19.593046175388263,82.19577229921083,276.22756725720836,19.455714031035544,39.013198193558914,77.3374524837552,1.0747664290469356,2
5.794716945616974,21.942466971105112,25.50762738428671,65.11812805718236,63.781399660565015,112.71707858439407,17.792117336169774,57.627035482367695,2.5894930558672042,2
6.201745754465668,43.10460211029017,40.72743045251452,35.15321850102747,230.50348580434124,38.31150422978391,47.80345632430217,17.81270244142593,0.528879788014871,1
6.53044151473782,71.00496780894116,23.97105952927304,66.78028642036102,179.11521255525514,98.01491593466133,73.13962013566622,63.666426659786545,1.7663853936505869,0
5.469638929660321,29.28249442402292,37.1940481999328,89.02120545240805,96.90644354061351,114.41757602173212,42.53039088220624,87.23807615131437,3.2087628946906217,1
4.959347298956814,53.85594645116004,17.656218172477534,55.76032065738434,152.84177596120875,83.0440043113967,46.70215395134692,66.45419734106007,2.4361557609113937,0
6.94248016976653,66.31499072207723,32.173814940750866,49.261177123487,113.45744717954338,106.31481687385812,77.14524474891171,105.93166701212391,4.413077943995953,0
5.654522212961023,58.118981518212536,41.3102086331683,39.325514706171305,182.20775278076906,96.04184058795072,65.01493974423262,41.78307183233409,3.996415184264843,1
6.824952885690449,28.16173142307913,15.056793026188103,39.843958925798226,268.92017102810644,56.21887362976099,46.6886247241817,19.487408843436143,1.9362831161726048,1
5.11745086109681,39.87691980800176,12.24959826681576,58.13014648221823,179.40539563541657,115.15161007436349,26.904130096080273,113.02221728238067,0.6819461658890984,2
6.4245604074192695,69.8654249139778,25.007483778978433,68.71918857049943,196.88227713144354,48.311178085118634,80.21877348182217,51.60159844810409,3.8825052004600753,0
6.6303577302063434,53.79585598924116,14.778764491541015,35.240001336024115,165.24939719211864,84.25767930769723,54.046734143697456,73.40461065989967,4.144937241258686,0
4.707294147289708,15.366072948003891,34.45153049028694,91.07195828663578,34.326341804733254,106.90170608840013,23.79754685940894,97.12034387432156,3.782509573676147,2
5.846417112775683,68.26935320196657,39.436459915456766,79.08368513393773,85.2003959253064,59.26426827562599,27.87517897423088,45.674503026313864,1.0117997636790594,1
5.037658707755897,17.471794845816735,25.020629181262763,68.13055468843808,157.76048424098317,49.35978899026526,73.2663125595809,88.77809919953722,4.491660537649151,2
4.753499881891071,67.20136479118625,19.76134926466323,83.8485136110344,106.86587944851733,69.71498132246695,8.752372777433713,24.896073479961082,1.5343368862110953,1
8.459840929559782,29.173639211566616,25.03209957019829,35.21213919278736,70.89380737313438,116.33525426538996,89.3278358974497,42.04231219260558,3.3968196512334803,1
5.789415379898892,82.06514360835662,33.70343453550003,60.99452705265308,161.15719573716274,130.88982920893642,16.0798927757573,25.91816997501719,4.132139505342886,2
7.739497783418539,40.75585259114591,12.271624847411129,70.95605324600812,110.38674216539809,80.86084367178572,72.66582465873968,99.23536142414936,1.4427484573228377,0
5.518562619055055,37.88521314366554,29.683619684540915,83.8624388976888,92.27014008855612,95.99060669207473,38.55590192559304,34.49141587494639,4.133034218708264,1
7.226010888895717,25.422163523271127,30.398750546621372,80.9255214032024,149.91591688330664,127.42557089105884,46.83837557943468,88.91439109457313,1.7379263167794679,0
7.540911439558746,36.39229508431504,31.130647406878065,48.009501231370976,57.31959226300848,22.81109068368251,79.85529908448912,113.76282369702179,4.405652889536224,1
6.882554962431377,76.36555332797404,19.260662399426316,91.15721102134827,279.76880526111404,40.170215122601455,40.097451115083125,68.05494299757646,1.6250400815218984,1
6.3863047542006335,84.7434036339073,33.421581701343804,38.082479693006576,262.9565874173869,102.15700081270572,50.68696906222493,69.40321114867564,4.313743299031341,1
6.147363656589074,40.78166713547938,14.741744589953292,86.88368521037489,218.1337640073499,117.08678004859895,9.190471304779445,60.71369249075932,0.7141786035706996,1
5.895473066171981,46.40274416681798,17.978110094004023,93.1111162243002,49.73987172476774,121.41377368297513,5.199535278733518,45.847915773300706,3.337088046679252,1
8.218116576991303,65.54496567419159,38.32410139963446,41.514979009470665,237.24563125151406,63.963932991141235,25.8079892051467,62.32205340174088,2.628444535348015,2
7.8224776311509165,77.03370463255521,34.16169452179699,76.93429417324604,246.22805187052532,21.61418729794269,62.84956289809522,76.30882854934353,2.4115083084909226,1
8.360107642666051,56.51310339307489,12.412366620340357,32.6185587205699,234.97409296001456,66.91159204895058,15.30751593552662,118.45907293877254,1.39397725702336,2
4.9971888939421785,42.40679887244805,19.451287811094005,56.35248363404507,51.910448393387526,39.99549672691699,14.669766498386702,113.15410152500466,3.322383159105968,2
7.4234699008145775,43.88352885940366,18.432194489794938,63.55841444784881,200.2942279789741,47.85553914956114,39.93165168305178,104.8368254122434,1.2632379657852284,0
8.253361827284152,63.69327025477648,20.124189841109178,67.74193968412621,253.61094280983158,110.39478238887575,60.066148281699256,107.80435892753442,2.711367183939073,0
5.224932264662641,15.225278452299507,19.42679310839659,90.83592113615637,181.65895234150696,19.81852118336529,65.5261193410741,61.463410162124724,1.5129814521610032,2
4.76598506946711,58.371253622188846,13.875788872285373,73.69629467412265,200.99406506386492,117.58555827249127,20.168307298361857,82.31887598952113,4.322485519125424,2
7.464482597160236,39.884510730895016,25.76821549790461,61.2830668292504,148.34177423936572,65.59698115714198,11.764992526623608,108.45733952298356,0.6145247753426113,1
6.797892452719648,70.59381318939589,33.98200424358495,82.6288773572828,168.03804956753473,87.48831104307736,84.93374788537126,53.22458414904884,1.2989131204449462,0
7.867315107033088,21.509344787619252,30.201951741523093,91.78463336203657,29.62552033848306,21.65479006063827,27.156642517778646,115.79387261800157,1.469242425549791,1
5.059089506505158,56.17415868638734,32.18615005794239,31.434299664348906,198.90964615251968,53.856680186446354,77.53445229674152,55.73646682761013,2.1562713030712657,1
7.681069247439561,48.668102292028664,14.434475356087175,93.86388269664252,42.80521960952457,21.66111947192995,78.39677328933955,76.11909319325372,1.4309209674802141,1
5.306509280190978,59.962786813365916,40.54472130530362,35.59858903913922,141.80408641526253,135.00068397454424,70.66442029981629,88.07851845996092,2.465396361075141,1
5.154623771462818,19.539751613807784,37.154755015290746,82.93514065246949,101.94342734687419,114.94401441241256,19.350856565468455,114.56512143835322,3.989862093034156,2
5.157063191723972,55.59886511996919,36.15270955486988,48.22175891584181,172.71982605927965,69.75225806633983,74.85312403660703,36.90779014574926,3.348253685636683,2
7.758298880925528,54.30392115716666,36.68951415125302,38.591677754001665,57.35657394649798,39.06833128207724,70.38629753553487,92.07440760625065,2.819847922140444,1
7.1607888827848,54.24620660913197,39.98131524398284,58.59061658139927,213.6601525525291,131.3491636824808,55.721454159028454,67.28971447584904,0.8560127119307186,0
6.592261699076477,57.24413666175184,28.327618983410932,71.85717766409488,242.6032303399717,54.79755744450633,33.66217298936098,39.541285468270516,3.2759684335571024,0
5.9353219364940095,62.35275560584535,18.008460536028778,54.761869926525875,65.73924592808382,30.927976119358718,27.31323136265625,95.42675237760297,1.1656571372437594,1
8.008802163252433,71.34922997765389,30.503508235576234,33.54675153837543,49.207664458527006,83.21137049901414,15.360583026830511,70.74445081912313,3.645469543846792,2
6.0697804296905415,33.887450408975,34.28644481003817,68.96497407781658,60.74433518046056,132.6906356448261,48.32935068657407,82.70712027146433,1.5002270340406128,0
7.766397757886308,72.75345871260434,34.13752180062076,88.65621294719386,265.5957173315805,10.497937765041934,54.747174418336954,45.51911754356911,2.1681949132836036,1
6.256539634280873,49.877897758441755,27.643470725006402,54.90899878657136,167.89299329177973,40.95622962301984,35.54381419384191,62.940134701036555,1.9018808092717117,0
6.00777771769963,20.39407953940318,14.053761580007341,44.061630546003755,150.83307888210072,131.998193253353,45.40552075287383,77.90896760868738,3.935255658699427,1
6.350719142678425,19.098565047078544,23.133388152903834,58.767527485632996,49.8793093486592,32.24117569143107,35.898728876387665,54.54018956968284,1.0061778348536325,1
5.705511496656568,38.39668230872425,39.62299825390072,33.14357621817076,201.8756818919493,24.72164871317658,59.48551487225961,31.820979383247145,2.7625795295391544,2
7.4904375207050045,69.94278839780273,29.53346729272278,83.33169299121786,263.0398857306252,84.12433805397458,81.60703266270788,115.78045415468344,1.068246437772249,0
6.510881560369917,64.5376654318641,28.149958297671404,83.71215271176214,251.89204341056683,122.03969702832788,18.933222273990314,66.26142940468792,3.3191833445287466,1
5.428850780587269,70.20304752706845,20.065605431465805,68.22003012292585,195.29531851462437,72.0242763002104,37.41974884176549,90.73124073164706,4.120312511177925,1
8.098298293098274,51.208833950912656,23.053467597497367,52.951687780995314,41.07804066246862,139.29335336898822,16.973831335823213,55.21519129116639,2.2384306154690137,1
6.035564885492846,45.81392985688434,38.86038267459508,81.98591868897591,51.471167609283626,98.29232093993907,58.12022048466572,49.0644940428288,2.4523690410599035,0
6.674211444455954,25.321676869439877,31.99389142580507,66.05465661124387,33.80651639075091,19.629737937358207,66.95399330653063,54.78807283138375,4.2096913459310485,1
8.125888443858187,37.97349275265181,35.62161080256999,83.68560005575105,92.0941806178914,139.0681771186568,84.21258227078376,55.01163081642148,2.5839655545974285,1
6.996951983655968,45.381355632171264,25.630362692029653,71.04482151789634,57.98521080490577,63.02625078142476,28.704113732182016,69.8598127536149,2.4503937521982437,0
4.967592162833457,21.202030077573205,30.907416583684736,80.98635575883182,92.81345127068148,47.36232939991273,85.76795249856157,69.78168569794994,2.8133164108172166,2
8.2593284944539,30.442836689784787,19.451508262296226,68.9065945591544,127.81625560130927,82.52429386512513,10.377327104757358,64.68691974711588,3.2569189454518077,2
7.010832212285671,56.87577058446172,33.16382490850459,56.9191694340183,284.035179539918,49.55998693671236,56.25617838599,24.82643634091819,0.9275335003481255,1
5.8396224586283445,66.49641799674329,24.82804001110012,92.26648089519894,190.90529673887377,21.2394759256198,9.856281144183047,64.56830263505842,3.784442110966064,1
5.0570882906535495,84.88432579750648,25.27636544444237,65.17239861712491,253.79265999122944,10.185684600292973,80.97080595976531,28.601429046271665,2.242020109813037,2
7.6761007570811834,80.31793319404903,31.47966973730645,69.33081870513499,218.89842019945303,68.4458358796341,50.0337698509546,23.874936492534168,0.7893940395899421,1
6.980291023714054,59.979563967463406,40.0884186440678,44.3316965619587,51.50087654745689,118.792244889457,61.894609814837665,112.59102890752845,3.6447306767928525,0
6.6338443679052865,44.487363730585045,13.920190398258628,70.66730131277296,226.05771378470567,84.40097413190995,75.68378370238847,76.54450144624747,2.0077998867450884,0
8.075570332203831,59.53241552957629,36.74229712041023,67.15449721639135,97.02768683655484,139.89694886264732,17.776402911137346,82.54390639370428,0.9014699803802158,2
7.654388844898123,69.99561326561624,20.77149331236579,42.01449586655662,198.95019715851777,47.29006393413599,8.280282764741376,54.197303736670015,3.035116158173002,1
5.106699518931005,23.283533364637112,25.317583635191333,33.87316132795434,115.46935262003679,46.45915841880719,79.70489740259244,109.98789811063506,4.020525413734567,2
5.746888271182193,43.693342278740175,12.65739986325027,69.28335578146013,299.3482337141046,30.76742983041275,31.769324334009262,80.1723538537632,4.051014037655945,1
5.493956559257863,73.7861599944932,21.03138233502939,79.63999750777083,93.79441425909779,31.328266474493574,15.963207173809048,94.60868564759463,4.330653899235893,2
7.475785170290708,41.868306635313076,27.078937278903915,64.02108910993053,98.1565318167955,47.07425748130621,44.819205152402354,50.54187159304852,3.970821839066752,0
4.634129738943118,55.03105898590306,13.68528232042317,44.74022064577697,280.58823155747154,113.06920588555853,55.856016434161596,115.6013068901038,0.5085636773819009,1
6.779558739485266,56.143855260353874,26.732871881494955,73.32392848504728,26.90043329817035,127.74838278273822,7.6325012909133605,100.25074191741466,2.020964665653561,0
7.549834742962762,27.913337719354757,39.81331886575282,35.206872229624146,215.07291660449513,136.7613320619986,28.36613095185246,103.9343309315998,3.774170319622012,2
8.007062547046997,40.356480915660185,15.161796543234157,58.71919081212705,223.09138940604586,40.19765503253885,7.787989313536161,28.94136941683297,1.9650120239938969,1
5.868326994863629,38.415790211935246,34.93322184226513,40.61883929589731,254.1860016749118,124.56868092983191,40.72850808161741,39.80595286583414,2.9061940255188246,1
7.785029218688051,16.833769597244537,24.29013160127978,41.98983831889242,292.8430069787731,52.67316160605382,81.08350247063076,41.41892596519348,2.925267789498128,1
4.942526947820829,16.693423472394866,31.65521143573014,43.14910669528324,293.1685373638627,24.669270787194975,88.52545497695338,39.80001455715583,1.9601012161552922,2
7.885809166938072,73.21879305730414,19.807097939556883,55.13595870785856,38.27749211860989,123.10324031762153,59.14904204780834,104.09489783147167,4.1178957091251505,1
5.00995464932793,34.11495669809687,16.78476787624075,33.32476336532584,250.1150103708127,92.69373250367042,18.7392039716903,13.507327472945132,2.5129133815444704,2
6.089149162241469,51.26551363671708,16.813878428136793,55.85657366039138,200.96678142406677,31.415016490538026,81.99719814994098,18.370998787885174,2.359136823750003,1
7.6891814631182145,35.910790151214115,14.11475836929434,63.260984062455556,201.25579762446554,65.87806347669033,48.88106497200514,40.13063576928941,4.4900549826475835,2
5.099669709395095,80.84754715807384,17.56940114703729,61.41412852281114,55.93797945211455,47.34350033401879,18.068691528748037,31.986027211438802,2.4740014562904666,2
5.4170055809305655,33.150773120604164,31.92658154966905,54.88096652619764,202.05240660478293,105.7832939323256,83.34676690339121,35.50455752711332,1.2135930077143242,1
7.389010273572265,45.07597689172546,38.45071835530524,84.54452952459891,295.0951225683494,68.94410998115484,69.38486931146376,97.773750817863,2.552277691453752,0
7.380146146184297,76.09111753392213,36.423770567734856,39.44623500733277,275.30919947104513,138.60639286383005,67.19494818146788,71.94392532812516,3.75606694207972,1
7.064590531541189,73.93534967542661,32.55402929623452,62.870288345789305,142.95658502535815,17.116847693747367,65.28035982252439,10.63477274222648,3.6074413075931258,1
7.2757937778684,28.027099249239413,15.31295590233308,34.03269210217603,31.185432520106417,56.151984597712065,22.028884793197598,57.22550422746148,3.654327060433884,1
6.670897773390385,71.18503168569973,20.675623388878495,34.62511912706413,121.44217720005736,72.64702172429706,22.935568795139716,54.86734195353948,3.332095135991647,1
5.507196235627811,47.073082071652486,21.29420625967407,67.30128022901127,251.38928724815545,75.40736211728156,63.50490486631667,22.533979638899787,1.5168713162667529,1
5.882783974015678,48.80782104597486,19.498708391928638,66.79119761770836,216.41974841024648,51.07165691013278,23.676433759383734,84.37559674616028,3.9483363433609258,1
5.226390867205703,24.343598069116062,27.450169791291692,87.0721783348897,148.61622356630778,104.80123238268384,42.28709422825915,87.23069072174403,4.07377386150506,1
8.133802245334513,20.642105962998727,28.066614446390176,66.26178891790477,35.4284298444727,123.71711955356672,71.47015517548502,89.29825409573074,1.2766107864741962,1
6.833567179064482,65.95575148816357,22.706579255133306,92.38641632631527,139.53052379052474,132.0335092571222,71.63596403831649,90.13180401144513,1.0218225462055757,0
6.10340566705456,49.75228066487098,22.61367476209308,33.16516514599544,151.32698312100737,114.6621389839384,43.52725066469807,10.005810962552648,4.402419874356449,1
6.34802321457653,45.57954918306257,36.856667937182436,36.37049951074817,279.9955492103581,120.57542564985792,72.33614475339583,114.93128842313943,3.9732958546014716,0
8.28913335844726,66.06557600566777,35.67878544959056,32.86428100207479,199.50410900300466,81.57088908059941,76.28285267683482,99.56296437601294,4.072944588839787,1
5.113405612464321,68.58590292937768,21.23387495042237,42.0429952716801,107.26281666330169,117.36546943548589,60.65593885916212,109.43798662482138,4.045505538497581,0
6.8449193280671885,26.12357173685475,39.41365331619778,65.18255721120909,167.08911404620198,49.45550818923379,24.416197446215715,11.720762483817754,2.6667472961349135,2
6.523554715537864,57.71576046343489,40.584450510075186,71.96219179278282,38.495486190204815,61.80223907419787,28.29100133277154,112.72446753643133,3.085606946663199,1
6.945816941738592,24.474785759437985,21.802276260901223,32.963035266663475,292.3191059819263,51.19869179641076,31.761498209742506,99.07673815569152,2.6814514085345666,1
4.572440735283362,67.5962560220332,22.632748463791646,91.48810783996396,120.81677254060328,70.7603536082303,14.92834915738592,102.09410572545684,0.7048253967613163,1
7.988495635776606,60.98686093869976,27.169024602658766,84.74074948227477,153.80285937567803,47.125350111022726,28.218567731445336,20.261612319416535,3.4820123414110906,1
8.22847312993445,81.96302347584206,40.233624376010205,49.279811340211054,119.47951278633833,135.0094874930781,22.80913406656523,91.26558318104574,2.521328133343521,2
6.760532734356836,19.827061144949482,38.289582994269345,35.01718946472042,211.10328443253604,50.66980164073686,43.70294373373118,115.59083586063001,3.090836299160919,2
7.286603295507569,18.993830480587803,15.077038877507693,41.042659759238724,205.42500433228605,22.74578995442218,82.21719156914251,84.64020755599768,2.510559219902141,2
8.189997524709183,34.75309522852401,23.781922298142486,38.25138689407322,220.29024694815797,78.48623158655374,13.880826924086437,72.7617545087067,2.467245289289824,1
7.328954537253594,33.31939786151342,28.601135692493155,38.01344565443154,95.08010429133783,17.422880197872928,66.22277353552863,114.01926455238967,1.1871564379110673,1
5.110156171657046,32.28851593503999,27.0939741765462,63.706509763272706,108.38717472593848,24.37061162011547,63.41905537511586,58.72308339078796,1.6148548605645958,1
6.805153440667253,78.43782063647257,17.81589203810678,45.98008376207102,55.07034470693823,38.520620595512014,13.1391068863854,75.92229229415265,1.1354107677758232,1
6.926860185531424,32.46823398946543,37.76450313504464,53.27908157439439,203.54279211691153,70.36553248467843,83.41865441699301,62.39721228438028,1.2826651825013697,0
6.196522685209544,34.03648082900417,32.30822348990512,94.31784666998097,31.143195653982715,66.32262120017363,53.32013718332966,112.61308434963291,4.391909521681219,0
7.445776942498892,68.15787836925746,37.13725124555411,74.48042618014742,187.35105394656853,113.95994206036285,35.91666929653316,18.3693199442058,1.1124537830887937,1
8.23746805907606,46.481788971537796,37.76292838048417,91.6837433580551,263.51484775845745,106.13170500493474,69.30577959710106,65.1231670907883,1.5770816972208306,1
8.202274051627105,69.36973898686269,34.450675609972194,39.266176077152515,269.43300152109737,65.42137821879118,26.876063964138893,85.56476855239822,2.86235863095434,1
6.303357485616528,19.575631029506965,25.17631803749152,54.839065864117,145.7305729035893,53.381546984831886,63.94833614893724,97.10971922644606,2.9407143049465674,1
4.952952183363021,49.1299835571369,30.316402650462738,66.05756721335302,148.60503269966065,51.14094192799482,8.375452643641013,74.132051218855,1.1158965189753163,1
8.439364795849338,17.352952012829785,16.810962183592295,34.98927402276797,41.55137124224486,110.61936134822118,76.34968319678812,109.98095185335994,3.6748697031408493,1
7.855592345783736,19.38572424187482,32.209362524247226,30.272183835817263,207.81420712405,16.76941280876507,43.09452199681207,113.61905915722589,3.6408114716513,2
4.998650724813068,78.45062173410876,17.377597672178425,73.57823169679963,249.95263770439675,11.666814436378758,59.118897720425046,17.075114551294188,1.4492708168155644,2
8.18336753046949,24.74717597823166,32.818487715304705,71.7182685920933,88.50341528931965,113.42077095046425,23.80521468356811,54.26075934955118,1.6546652107018418,2
7.979585448248513,52.2694477592652,18.887944822619062,56.70127264997477,137.96424685734212,72.02902887857641,62.551265575968074,12.580492389326988,4.251951461837988,1
6.575352228504288,43.77669218204946,15.5265390045066,61.826864942082125,254.8750142942757,27.014548011964877,70.64042345092851,46.23583231118872,3.8026857839179122,1
6.865101742979717,39.31403283811899,16.958534704288724,57.00379503848582,265.59373094544065,40.62357149728516,45.22312088517389,69.05550397676623,3.2911881322500953,1
6.096010815480521,77.98833419810907,12.059764056572108,31.560327914917774,88.09039447398327,131.2255139026597,57.50678854525252,110.18744235609438,0.8289328860424021,0
4.719046555288125,16.527637774284266,33.56218853560591,51.79915440413506,174.159777671582,121.73538683123674,43.787703524903876,103.12097547119431,2.173056323610303,1
5.840788966583604,61.46527803229124,33.97203147175137,41.51034660082384,73.89808217803159,102.27205652911643,80.99776638691687,24.024969933918428,2.737207488307308,1
7.711413794392046,82.43761039494854,27.448000497397786,36.39757229158897,48.52605395907583,72.68927994385245,47.318880343717126,20.233341221498527,1.2496451519351077,1
4.518528092018411,54.211772842328934,16.84088403166151,92.18682820280773,275.1137403897481,77.64207140488014,76.5537402674496,74.81940726323337,2.292906328432898,0
5.833996686764577,80.57757234231643,14.506630125320692,68.95838212774076,249.74210118499056,136.7817895869146,73.11492495297112,68.5329769704661,2.90410350995476,1
6.092674774363774,18.658051550021664,12.57386899311861,77.36265847537916,232.80977250488868,135.55015770495731,39.892909814610306,39.30154055730262,1.8095067204615969,1
6.649582411751691,44.31553233519129,16.972445308956623,50.49864331229764,33.65456926767932,37.98497595215846,24.557181807885378,108.93983930092188,3.6237792758019487,1
8.179422465651042,33.21104536734358,38.72566604949441,55.554563417110984,256.24406195887207,115.44359361969136,39.51698126758053,112.01030504077089,3.861798326555222,1
5.885383977463845,66.15746754865108,19.24610525105045,45.400059603287026,142.65234125350744,35.641546601712186,75.22847694089371,54.28725821741789,1.794437877736283,1
5.887812807584911,83.69079633480726,22.62813981651647,36.30276861275261,115.8706345228407,37.759872124913684,24.34876554464835,107.93328128248723,3.8546286179698286,1
7.450004992438993,32.957104371097344,15.160364534439996,41.637056433702945,173.01338108710542,97.89209444139499,49.57708939790869,52.23437836892699,0.9143062644120601,0
6.308871763559228,60.79222210318521,18.67083914244511,81.83841294427158,45.578907962595636,62.65014281638129,73.51822357666353,91.04985150126701,3.8509163944906253,0
5.398419291759928,28.86683429318181,27.576737123406154,74.04047733694543,231.86103381867167,131.10077292384761,35.0455853859122,62.35364393024965,1.1110017266704664,0
6.309758064530774,54.57311782001269,30.232580492869577,65.55037693905601,183.08182152872286,21.57126553648115,59.587819145229275,23.48414721579013,0.8317086100389042,0
5.063428081519199,47.47527406818353,19.36056942498633,60.880841736339924,72.2452271244869,76.4983333052341,25.878683794149236,112.07276213607237,3.067101617764045,1
5.205547946024893,83.0403730742076,13.731964776753516,89.95822843764809,72.70501593533277,129.40779895760576,14.288752856293593,59.95062527152903,2.3877494630211773,2
6.493471090957919,57.59690908875266,23.73098607382196,34.72777160561345,71.58962244034879,127.53477586233566,72.52265913289278,90.79357443546441,4.1315624016513315,0
6.175701798018192,39.46544604607732,19.026101127790024,48.23905286046454,35.96066851454152,30.348797744046358,13.41233298974008,50.38911958744214,1.9527567843633968,1
8.1593836042724,22.986704942155335,18.58661769689406,52.745960482096415,184.58356582407174,57.66290101253934,28.06741858176469,12.076896643385812,1.6486090537505147,2
5.9495755964665324,25.58727801144542,40.795884081403656,80.85767779383121,255.29748972478228,90.48578200607051,77.6843008697824,21.058339456101947,2.5029396245767934,2
6.822353401112174,30.772185096586455,30.489014577771723,94.51345031052814,24.89949991646881,30.721335020282282,34.44988940168671,64.58414274389168,2.323784743074645,0
7.0290571516781215,32.567666293820864,28.706353295162877,45.64358345921495,33.72130059195659,135.84288236594602,87.7088547087037,85.89607928389987,1.877712184868753,0
4.552377826353334,74.54312404887965,24.47325310569966,86.82997671891025,180.37567747234482,128.91741273459584,88.27741845577808,46.820885923720695,3.2749651947933143,1
7.154149488066842,54.28559517977674,24.86833000290433,83.99047942806644,249.45879190809464,31.703523274480993,27.80346173855232,86.50373050954154,3.538247335655633,0
5.212143867479005,51.63736379620565,28.227150115142425,44.602730846714834,111.4868893592174,25.750209963928107,8.483148891240688,86.84991483751516,3.9119358761205465,1
8.34428126987782,23.033821030845225,32.89289421108322,55.956617712949466,117.89203166616221,21.10310276507449,64.93037915745722,87.43294980606139,4.391426418841371,2
5.094650911012452,75.20977853446044,33.06438288545488,56.628736504013744,186.97701929909726,128.22767632476206,43.33385272510922,64.17740394225592,1.5666247685300179,1
6.1584964949080945,65.59700122459387,17.150817231163487,93.58434345422629,96.77960895476116,35.171095273409904,13.563991736563985,110.63747651336544,3.364373929959846,1
4.841398672314575,19.73678533300011,27.00338256229881,41.75797358962839,27.450342501751557,64.1170407107661,65.13943961313365,63.811616977867715,2.077032941982981,1
8.487497007383789,64.5484568060838,24.35874285102306,81.94526812181084,225.8639850684469,68.3506775347604,7.649867274513304,59.5291712846302,3.2083278878044323,1
6.50878004132497,53.04767521398522,38.115808988081525,51.72252642125214,195.18197562360686,87.87143574776378,78.96671869184058,31.931890091168967,2.4039267613968813,1
6.881540069280176,20.720774202274477,30.942567636551292,77.50657247545043,182.61167973558454,19.325594687165243,16.785464974630816,43.842059609197015,4.475092411071726,1
4.76830590955371,47.08104490700595,27.975121992479455,57.30071527921808,227.67155611771048,39.478620262067075,15.821509693471626,14.656794177013367,3.4156085431629997,1
7.499841881596711,48.92874009910329,15.461839265367521,67.5933846025751,209.0646345173705,131.0937502994604,19.932145327329685,79.68888229777872,4.309965201737298,1
5.339622372382343,26.6042178114293,30.169136679702344,84.11976526619853,77.64695668992992,128.09331394491403,86.62264047182566,37.33893183198022,3.839878197924743,1
8.092217157762855,81.19887029001976,15.516117170407004,82.27076172395246,118.69469314413831,111.56778416273998,63.91939562157691,43.457077993401164,4.111604044653484,2
5.320558561928029,74.49827600364634,22.116197266972563,86.31750693008051,55.310839670015,12.522161930368007,73.11658051440912,94.78959738307533,3.7576767888586997,2
5.262750882654666,61.83156361303758,16.285258944429955,33.87512614740284,56.35996375700669,52.51087990449327,38.798973787284005,45.994330147759925,2.3366365215036455,1
4.64619867139238,47.360689270042506,32.76220941073107,74.98328594758341,209.334808979831,91.63463559457801,33.58658183792122,36.64154812144564,1.5071538133875375,1
6.388267780439997,43.82358791091559,18.18756341508458,39.099179486914586,260.4080299550995,45.77472753055184,24.931140576569444,28.59635240470763,1.9812807018020888,0
6.759364533050466,60.56814270056679,23.75578119564078,57.02820692119671,289.5651234811189,128.24627035699103,45.85508240655476,95.23442424001514,0.5809449305598018,0
4.7628345577134095,53.180230858483384,38.87024332856336,65.65824697855476,195.93719291384443,92.40563003821744,51.90544235040432,24.267688378902957,2.5959726698586687,2
7.602110466780042,19.359117411731994,18.12949150196911,56.178066508544,71.54837054106795,19.347873251137926,58.700861710484205,59.912913627538884,2.520231201081635,2
6.313155338992111,50.87518541392322,27.234151918763374,63.774758927195485,49.582096725700595,128.1707265486414,26.855072839889033,65.76231276849138,2.601001859321953,0
6.597561077310321,71.44825320629877,24.57814983498066,94.77421007191025,247.59827203029218,134.50966556290894,85.6355968767542,85.61289039542861,4.396124899888255,0
6.263050987752912,47.146791431787065,12.543721231371892,38.78912539133556,182.05181338079979,20.102614390924316,19.42947234760655,79.6611830566295,4.145816013819357,1
6.103052243501304,18.636960428798787,35.782743407184384,73.90464294686765,193.11980588384156,79.20683053197094,87.08051985514504,99.17927402396923,1.146851113320432,0
6.7385613252328715,70.03947395688232,14.071377189437992,55.74006281506499,238.80938485131858,49.437356687842154,6.262770413137822,14.922657731886197,1.9755300862235567,1
5.12096098372285,29.095464749518207,26.227650629308606,38.64563692897637,216.91762376508646,61.069079942582306,45.895683804431876,42.608479725733694,2.1958247178530477,1
5.2277125219810845,33.10345844216272,28.8203488481685,40.31788961933012,253.64831079970708,33.35465833419445,33.336266239907836,40.81475306529177,1.942131671406591,1
7.947142484054069,26.529444740260715,30.852793698437612,91.7027519059651,35.739893528765975,85.14937326161363,43.175490184071315,26.061859615131905,3.6939838544156522,1
8.28446184853453,38.115054541004824,32.65894887923626,87.17409728626453,229.30577828902136,134.5373159223558,53.50648921336707,41.80960792420875,2.5961506794703477,2
5.993237265119012,67.97260539820445,19.598171505681453,88.95772742697642,258.23877205018675,75.39943803530917,42.02507843108027,44.07418455571938,2.7883992678865,1
5.5829786925742155,51.35701016527561,12.29936329975348,94.44963042878013,100.11781188832802,20.77889558128255,40.261982275635575,67.40729081202261,3.912054235951702,2
7.075998172956063,29.34168919054988,33.70330987064736,43.54050035055367,199.3252367181108,90.6001733520631,67.28149031013106,83.00749268188817,3.7237126136614345,0
6.134936684392386,76.44810547064286,28.069697980427357,53.10355692866401,107.96537787435219,54.22898927866341,63.29948338234949,51.921056497299546,1.0288460912811987,0
4.6015454226413794,76.57072984660704,37.08353109621746,73.49923694511634,288.2318986150871,121.27027464686871,75.82805897304706,89.14172544447193,3.355658336334537,1
5.124610389464761,75.94048975322048,36.64165088702083,61.44716509094207,29.35860028194105,66.50815928114113,26.246513405357124,46.978187243753794,2.241744515608142,2
7.36388891538959,31.71573479670775,37.299785033636496,57.19531966959168,182.3419962732274,35.069149162491925,56.809923329095405,41.931204504623636,1.6785956122500019,1
7.135695767640605,46.58675409266917,26.552839799386206,53.257731206813546,66.62099317386422,34.84373094984885,54.741556758392576,69.53068614427268,0.7000752836087454,0
4.608383970013934,83.94927592986126,22.008851875105968,68.5957410763244,219.42165744960442,109.93934349375085,36.42771392417855,12.608799633636966,2.448998241381804,2
5.387888647731797,69.04087334169932,35.7467460777411,67.41357286160533,69.24927935722539,44.526387779956785,46.31489106172788,18.77680359974004,1.9217467228981255,1
5.424299186352286,16.901719485789187,25.538823390877646,40.4947592141756,85.90731333154012,109.74034124069898,31.671482180986942,55.976649794517975,1.5060521587056033,1
7.187570974394914,19.564321388234443,17.503265892103038,60.663089438698535,158.42382709281227,36.76535039965792,17.05677379744374,113.72039825309321,3.27868691838783,2
4.578842151017456,47.475196376863295,37.64922058684423,65.97566545364023,276.1537859991259,51.819227931170225,23.17310290633229,89.3662957827766,3.577941549262348,2
4.916434327938296,78.64541441030921,38.47679630317042,67.06865101754039,79.28002420143184,70.51330641716092,13.968659944102093,19.693922645061352,1.4791580761176992,2
7.699664341492758,52.709125856689994,25.989292684205104,43.65696753930287,60.38720591306899,132.6154604601486,63.06091389116055,103.0949814058961,0.697789746717389,0
5.2141786482173345,49.846875562400314,14.270991819293624,78.24764049639865,232.51351291912857,131.1250852179972,61.16182841427788,90.55308476689991,3.89501080226094,1
7.110984431407498,22.38315899696414,23.634782697507937,31.637941163369526,160.17346905350067,36.89334380489741,85.8015415842892,77.20411782729185,0.5398389648172133,1
5.452731124186906,60.974607330700586,36.1061297838781,53.06407061030558,275.29983146689597,56.56847536159946,67.0226651600155,100.2322256670095,4.2484499756858884,2
4.897765571037381,72.54722124201578,39.05322085638686,80.71382215481617,61.05207600475584,29.421920498990403,9.423896294271174,54.452083251725284,3.0104794959308236,2
5.472688763997816,41.62940052552936,18.104182274927876,66.65303986860116,200.859810046451,76.29806031075462,80.16083978396111,34.365115593923804,1.7873865408052811,1
7.389067727422637,69.29282956477292,14.009208360758146,46.97555811320592,85.20616092250822,69.87573159030666,78.3273888503867,66.32257280196353,1.4859116383069448,0
7.922785872425143,82.51336577305682,38.32051359398516,75.1719527572981,63.89292002245901,127.09882111859521,42.68222726567939,70.37259311528211,0.536022657057901,1
7.820879458267966,29.263652138938237,23.682148169366258,66.88041137014477,211.36023624403575,130.90069911283945,54.79835929487333,69.21590092109034,1.4418856680435086,0
6.08873411847382,51.63307418363189,28.252828928026897,81.75583461466516,186.2316935744453,59.863760830947975,87.9666582601641,72.15811706281158,1.0509132060685644,0
7.172340546282585,35.09965706592028,41.04197436152277,77.77663710233853,231.35168834145276,73.92593259246863,50.24587092709413,114.35754100630989,2.9486648828925826,1
5.319937181663284,70.49980933236876,13.996941837426686,69.65701493235525,106.64952140493106,126.5107123889973,81.95235541196763,109.24701854058544,1.1661823543752052,1
5.672590921044053,55.43153561168103,31.449540223562867,61.73154889520291,145.4320637870132,114.87201500685799,12.058294413865848,106.32887402148333,2.614519350146477,1
8.08534327408448,59.420769228521266,14.223162677246012,38.65683816838902,133.53206937251719,10.475320474804406,21.239408840238042,98.15584919994899,2.8604656893778833,2
4.552007694042944,70.85399117311258,23.26406785399501,46.986646162549945,295.54504991062396,51.60774334386573,42.464170192512015,113.77709179918139,1.692166793387658,1
4.842034123417872,42.71793308637184,36.114436355803406,57.24146573961055,101.8297078870286,64.83065145169637,54.7043287086709,20.834410584734357,0.6402597960748748,2
5.331545020584109,79.05630478849302,25.004166982669034,68.95445365541526,102.54882673709473,39.86311687882012,74.37936740833801,39.163558759031346,0.6490155224567844,1
4.606128815495278,52.3120207072298,41.915470617088516,63.39101058899481,119.27349847201006,35.94431006647204,89.00227978717088,64.45615402200434,0.6053893287756704,1
5.225741740359189,26.05683759847436,28.771778548398064,48.731994187369416,178.08634276129,14.911985857438356,38.052377200299894,103.11879424357457,3.456498668546185,2
6.832166243878769,63.71293827181617,21.634864579078602,30.420183256331185,90.65036839384867,93.63806425906887,9.030329071907218,65.56822826750057,1.7720388192571925,0
6.185698202369991,70.52829453067781,18.603339777142594,62.25554942355291,276.2811833061967,44.12633776281154,73.0995777801026,92.28382132757476,3.6852007438706544,1
8.0706868443079,37.173317394726865,22.515616028584855,48.565689256545795,94.39195816255378,16.805133196070702,56.37236112203869,25.285589577380783,2.2269312953713967,1
7.769774246953764,75.0025479899127,23.175998212786524,77.74953954618478,270.8284048368545,40.02731036864827,21.876143003797143,37.76551942742162,2.3119924033198553,1
5.867269406791504,78.43002783360365,14.061410331718829,31.556507242581425,48.973017821043705,114.24881386869644,47.060418812820714,90.49537045414397,2.551530410038295,1
5.53769373372517,34.38331411644663,23.087225982803197,68.01380773487641,203.83755667190263,120.69359361405107,68.09637087036657,28.120740977649646,3.3521258255004156,1
6.018769632669068,83.84650309006554,25.927155592176746,91.19582543789426,273.95594516270825,72.79861187512935,70.48500190083472,48.64915281204194,1.5940114633188283,0
6.8611797700592305,24.849806963413087,33.68213256716414,41.33660236224747,67.24984275150427,64.0891871531292,47.46756501989477,39.13528835949286,0.9863493981341076,1
5.572254563291505,29.1410967881743,31.70188454164824,60.657216898788704,291.1315488277914,137.12098015523162,30.943235060953025,48.48478636447263,2.724229340765846,1
6.996595631396536,27.895738746661827,33.26296965687463,35.94242946811398,146.80734091634326,36.07340574644908,87.76811947327195,87.91564539857673,1.807910492970957,1
6.137646608764962,77.57927970055093,12.250910456305713,70.66932429698792,284.80023036348683,37.9967067710991,61.38582193130189,50.463189925708114,2.2699652546721496,1
6.708188723407921,60.80047866274733,18.53002198741608,65.78455923875467,209.50961221641316,47.94273301473197,39.70018914443539,71.07896548687341,3.0877868333492215,1
6.244506116541267,25.647299825559102,31.850528651995695,56.4787590738341,104.44432356459443,32.45845137654135,28.839374057395457,20.99250647598506,2.4765029645650825,1
5.67786303816767,45.82263928578443,26.519681045392414,63.88950639579318,72.7247069767898,59.31752776654426,67.14375355530278,98.55194625580906,2.9811152684033715,1
8.293813227848627,58.07086175488614,12.159404270050379,88.27735280048566,105.04581294302783,128.408449508668,25.585592875470255,50.68774882129374,2.6768000084545114,2
7.554423176639043,20.84248594925683,36.13483927295467,42.75912965021936,46.044874593549,89.99521928171465,19.595349062763496,81.33875749366767,3.4591854877443966,2
5.06045270306581,76.76914578851371,35.18428719871012,31.46669326084757,60.28303057613233,63.553051319594275,50.035880561775976,89.79285618280159,3.32374647084648,1
7.973871903591651,71.25224748090747,28.45257488980688,86.00821750544156,49.304923297014724,131.47340329425793,29.648928374752057,33.06270143228704,2.636759567234477,1
6.449724792998055,50.36447415036468,13.993899773288163,67.51261035521392,138.42419224763617,16.300350221856903,58.45693731850728,107.31424834486849,3.2156120834388275,1
8.078208907576366,82.69886306814193,34.99545148597754,87.89279960501975,242.7619453521242,37.33590312724198,15.024787364309846,77.78466767676483,3.994238409090451,2
7.699421023789261,44.24326854925698,29.51140763194092,68.80143952185622,59.58739518057526,83.56551866322867,60.669993888222336,57.159765592662964,2.2290851511526744,0
6.200854017876933,83.88772233255484,35.458799314738776,82.66047084738065,56.489721288254046,90.0218410151133,29.08020487980469,30.056870193604148,2.1510522909951746,1
4.58987723328047,61.754399916253895,34.55240977187521,57.92876861808462,200.16010586485262,15.142475853139707,5.020649426933582,113.65310316913273,3.5569824834095205,2
5.574709437539784,59.426989127775904,36.090062158735115,78.74089553373747,75.21123495105856,62.395038527927184,15.789564902304992,93.05750245447877,2.830215348167976,2
6.666536858643468,26.616842670704948,27.540241992138746,89.34769534784064,47.33081067051765,94.39001542801346,84.35730711598299,32.88270190065738,0.7840271208903542,0
7.033912879304589,76.73494308132507,16.20973554580545,67.18799264194341,66.71760189756174,100.7491710324422,78.72514432480541,47.1481852196647,4.068448062764325,0
5.53155074173281,44.92427815444306,32.13472420139066,41.75103478655467,278.6447908454973,92.95818732711501,24.856767723080132,99.06416838968806,0.6231324089505605,1
5.0574242962912965,26.356338404773552,30.614213551559118,47.471844976962885,250.01195077733342,51.67321916692019,71.16161188636676,86.52454295368729,3.4935854248389724,1
7.839720947197197,15.882526398303133,34.26759561597262,42.91189749833138,119.13807745942634,22.157616067728235,56.72858541978781,94.23627219872968,3.5351765708172516,2
8.437608722814208,54.18289785468678,17.09643018152206,46.045706793722644,203.62981485166998,65.52461803451342,87.5269004732389,58.532121243422566,4.312444341127722,1
6.602760729210743,51.91797354858734,17.849255997008676,49.917004207817364,170.43718862705066,26.73807685784721,36.756481060395025,88.81238889063836,0.716537633609283,1
5.1867171433932135,65.3547535658411,38.712285516579854,66.08369613895725,209.5947937751179,133.19107560768674,62.92415206395956,52.514309515030504,2.887427443137964,1
5.589229306077476,77.31806371124614,34.49933395356213,68.21945591514913,211.14792268957262,71.77221258294168,10.40053640603308,33.238920863201606,2.2113622825082118,1
4.5735627061898665,20.558460925012067,39.24685466100969,57.722483570720975,196.04552421679801,51.24369266639278,38.6810244793945,79.5944738325496,1.822531819438168,2
8.157195226241996,66.20475432382537,34.76145963491762,70.00235068835431,94.50838319044641,109.61952924545702,86.92450120099534,117.36153181586737,0.8612742411962921,0
4.9710043315605645,28.118836086830754,29.914659179709055,35.30237016473878,30.921797813589077,74.7333170356943,50.813374328260245,44.166106853486255,2.7506164786852367,1
6.806065902057014,75.07239372100148,31.62398211083621,35.7062354087804,147.55869895723046,50.304423121618505,29.469757783461787,60.70665514337936,2.4161629026984546,0
5.596220882748824,72.33444597031593,38.6738377182003,41.1689149232478,269.4726877133971,115.55580651080422,15.223031865931583,84.14015081768389,0.9182178326040971,2
6.716712010063174,52.85556284898811,29.364202635358215,63.675037372622405,179.45923238520126,122.72977963014586,64.79990891543008,69.56569103347366,2.9499580283883335,0
7.105681553407457,64.71699590363181,30.97173972985162,43.90965411539038,253.06949167653423,97.491061617528,59.812763691526776,102.77705752799541,3.451812481011754,0
7.818967214828806,37.00450792286239,16.694301480108017,48.41348622701753,297.6548160291439,16.105374912996748,36.784790656320844,93.79169771164675,3.569113204214593,2
5.325685087042412,47.98175292529702,26.21763660348308,56.020334351244614,65.81253715871736,83.62197442164917,85.83001490859591,16.412692424859273,4.12149275304971,1
4.5439833146339215,72.51458283973301,33.49191335874297,82.7712980606747,213.69773895975504,109.22833855964662,6.887239103967277,119.82633573161515,2.1378829675551088,2
5.047542520275229,47.148563802124976,20.128280949490964,30.901038834335907,208.8022006360069,27.74539157086568,30.816527388705193,92.76426990914139,4.312291074488548,1
8.10007456739242,40.04587857278092,18.067625415736046,72.20962331538045,294.38752526031794,39.72719767999844,83.29090633546441,105.02936479235245,3.9617176203307443,1
7.995560310250061,49.59487130752099,21.414804246732466,73.47697451764455,295.9682055067841,124.72436365885774,32.27951225715243,81.63174833048811,1.6860062840957561,0
6.889652408681233,72.97744767060529,19.245018839785004,81.91262572318138,212.27001128275626,12.615823840899624,26.441490877689482,104.19136408514385,1.137132149397834,1
6.902067441734614,38.46456331596109,18.447379111091877,90.62894103892036,88.2121417550144,107.85452791737688,50.40873484415602,22.362127242158035,2.2415575845120537,1
7.160146698185022,27.163311519502066,24.745525286042607,31.30896018170384,243.59563467656773,71.59052802687498,75.02314874324573,48.25116191152471,2.1075948318238664,0
5.201485114493798,64.84098142315466,39.23515541650602,39.99594085835905,49.96815757909067,68.08038064914889,13.76747467466069,106.4063037964942,2.802877221324817,2
8.15764778369984,72.81847488956572,27.21178940216155,87.60113411363955,238.59580516805605,10.922549224335333,85.15676031988757,32.18207323935815,2.833544929310992,2
6.175082099568293,22.044623496647333,17.637611424459692,59.803706542156,274.854914760515,116.52177002564406,72.58119490039894,18.6066308438025,3.499947937519901,2
6.03255411299799,31.79118789291613,14.309150081426221,66.69839153067514,127.19335053516187,56.77723708275364,20.406271721881915,96.69308339397409,2.5395597928224407,1
6.57567082113135,24.938039283269575,32.88468435413776,73.09676824200457,196.57788259526254,80.29953206907058,65.52067670184383,101.90347712076259,0.9192905637630622,0
4.68786386710022,39.35589881075167,23.483962933091632,74.13932929221643,140.43996498711135,98.04908922363573,37.72149142419236,27.891744000889066,3.9331653422124244,1
5.165133475024318,46.52456852337889,36.65492839756078,90.56312621557304,142.57421539667598,101.34184493692905,39.19504763648709,103.9780581060987,1.7390583327407483,1
7.452134465705482,67.41784358743146,31.785323059223106,94.80171213175852,106.90384895027361,134.2774076473894,71.57965785730364,85.54445751568866,4.385189841226368,0
4.831194671700506,60.580330941717186,35.88724351624106,76.81023496051111,233.3962937260909,79.07419392075919,86.83670867836224,67.20909515382422,0.9714404347190806,0
6.912608437865552,58.46499972349018,20.158381182553462,48.6693785983348,282.1294379666215,61.963541626675585,15.765749192011484,101.32752120595235,4.3330046889300124,1
5.481396438725284,39.66624626267581,32.77076767383174,87.18390614913233,283.4102405856491,133.98147144392203,40.75357013469965,56.11741742508624,0.8640472275300679,1
6.057182456167906,73.9013287159332,19.921859540811564,33.199359445149504,68.93875976498147,93.47433055331774,45.8800366871658,31.33933518457369,1.4241445517882378,1
5.6547749470827995,47.99010171787152,40.17205438350875,45.020255436842255,264.92822190383845,48.75954631595223,36.986504441174795,41.333794427167504,0.6863197683461664,1
5.9226908658597965,83.53734566106081,31.09122844600123,88.33007163514146,226.4808035995942,26.44035190246425,35.87107551587913,65.56804201226463,3.3204525865559797,2
7.376183620736982,59.38994968070158,21.735354005260263,46.65244843855807,90.794472193281,119.53208519047357,9.442836742735706,68.44638719404932,3.901194946287167,1
5.6884868624927005,23.83853190951519,20.08535586876818,44.34231887541365,38.83969161802408,57.083608363239705,63.27078274782298,98.6138909085357,2.2362843272639217,1
6.765618561187589,62.33242934528038,17.727797552149305,38.97814405411607,95.03923472762582,95.86106377737605,42.07822545520386,97.04879960175678,4.214088300169719,0
6.404201608796399,37.75728108021893,32.83922876681183,85.84226424704957,275.4183062988272,71.20613451756677,21.557473224733776,73.95032129250323,2.8611962870223984,1
7.154684661450593,63.04290376802682,18.56146838993782,62.503786847420635,197.29002897081625,35.86087137335498,74.36284769567581,95.8864031702024,3.020028541786093,1
8.247318957299033,19.874880371368402,29.85909797782467,73.86805819852006,221.8953050514041,88.21925912066047,73.21766359288837,31.09508041230381,3.8816768068030796,2
7.430288388841001,27.24170060231716,19.939050807760722,45.53931496487693,92.00265831054683,17.8887989635887,46.34328838755597,15.507097980262378,1.6872008202073556,1
5.3597615143630275,74.90160812340504,31.85906834381606,79.27262736572908,221.42868356094968,63.73451978325499,30.368306197559644,106.09972048981702,1.9170628853105032,1
4.624732540245139,30.902568991646042,36.44819185621618,79.40036042253641,27.874021757818653,81.05994215627723,59.23788169269845,18.31099431390465,4.123807676778577,2
5.549056177199301,73.5928787670058,35.340757294339596,50.31887161903951,125.08997681644387,66.68610663541529,29.492931541079262,37.1357272718397,4.103853984155055,1
6.88031172280102,34.54932619180873,34.82553992792345,56.694371145668384,195.49093759185274,107.3273827826288,25.06067407751552,86.48508445868231,4.405931104803484,1
4.705703253937001,60.00173370410953,17.631672170767562,43.62986803296306,60.90703835156966,117.63024409089061,67.09374559223777,55.039273139004,4.107353265766685,1
6.485464988804946,63.59054014568817,14.651548409535561,93.47646651598878,250.44100084514173,110.26159962431315,8.42764537628081,106.39453669070596,1.0094881441334436,1
6.887371395667557,50.88583272015371,32.96846485462157,71.96416750879675,85.80876366733722,15.045683215534275,13.055320037940486,42.77777741284965,3.7948971445479494,1
5.836975563267844,36.37174736877119,23.05041641383054,90.7453522465085,202.63871158916496,35.236740157976385,5.576994792005131,11.305848133629523,2.1393539124383762,1
7.583648814983288,29.88510634597673,24.97038679210042,49.720060335893656,133.45519992109232,79.75897620429066,18.000170850411223,43.072120461681855,4.4632054237837515,1
4.926393012535087,17.323254819369836,12.934472783801732,80.82290934479784,186.8922067337412,131.52686525769417,10.864150740389054,73.58825541033148,2.3891238573152043,2
4.800551126943235,36.27624808685067,19.787293478251478,79.78081185250824,50.08615473609427,118.5443807567752,89.64320126129309,51.353221294362264,2.7153443300088824,1
7.412755024814413,60.72139533718981,13.01029211623392,74.9576173713252,24.73558397805005,119.52948608573422,29.548847446097614,68.83600313346308,2.619099661027194,1
6.481965264824794,80.68133729139379,38.37557317803743,92.76653339234203,274.6780396664843,49.41706518875774,17.68778107688602,106.42579307185206,1.7869481194331112,2
7.253609585710944,75.98431375841363,19.301900496555916,55.58109684691051,95.49640245481118,65.82822662023133,25.484681929653025,110.37335596534054,0.8000883555716727,1
6.239309354414985,68.62453435747119,28.72011508719024,38.49662603333422,249.50956077852854,71.19177315107186,84.57067358091145,39.257147111952335,4.082604921607674,0
5.485608132956427,70.19131402773091,13.169379619833911,73.66107585086395,299.81808413221603,30.458305835488353,49.213618957073635,60.835452059689075,3.7107032501051473,2
7.776409270696799,61.54894324331967,32.00542173916974,77.4051370310184,79.20075223969513,14.038856931779321,36.00953818616783,70.40584167655963,1.058107122238677,1
7.697663515875917,33.220080029620206,21.690820372622817,67.37893727482296,94.24780753133956,133.0973769298672,79.23827392228364,114.40237025770718,3.6070730854002915,0
7.278785883417707,78.50365214940808,38.93757560872997,43.44316305367076,205.6007405377064,41.29263613625588,38.57417299666776,119.84790510808232,3.00338666420244,1
5.58858054891985,61.95126183340838,38.643545668021076,62.7896362085081,290.32561768817396,41.19335748407207,33.47572844640414,35.89479737256793,2.136575151670489,1
6.860922667476348,54.230844168630796,21.758718550852436,50.29233287699341,276.4280174934083,20.83927698993874,22.619014416727524,89.9677858480397,1.516084596382251,0
5.943895587760107,22.769262844943675,39.02882687071404,57.78532433083479,160.80514561836378,130.70600775269122,37.11273003229998,51.58341684565147,3.93891513400893,1
4.866328293306537,46.29388806644978,41.88473020496336,71.93920742990315,242.6308791074829,85.36582494217036,31.91817026143871,10.891901657483455,3.300753037176212,2
8.169254301848971,47.22507898413484,36.76246992371844,78.43895827490425,58.008838867972294,96.714791426296,62.570836540341986,11.017777467949259,2.6909596378765475,2
5.047274523675846,75.5194526665869,37.34614043265687,45.0946049085873,293.6826915771234,128.50499534419683,29.614529897011803,60.66226083184813,2.9382741355938564,2
8.30094941528321,53.26537541314519,19.470262083272697,56.34614844205197,290.0189055300762,54.93062195710264,54.061978445917724,63.71684043047681,0.8642647283287239,1
6.284023091831823,41.62803842792867,29.30107196573269,47.495502114455896,65.84410820616787,90.79595044795093,10.60083402771768,12.482666623078693,2.3956790436447677,0
5.240531715354479,83.37602299574615,14.017677419021036,42.911054901021494,103.83847494486986,15.04392911475537,21.259578319203722,85.56201584517328,1.274801171142808,2
6.667603789513432,22.750441532842096,14.847538104650091,80.9201692997295,48.04339930189474,34.28042867004682,39.62944808696464,42.340372745444846,1.3335347160353015,1
7.991783343505633,44.578389981836125,41.96677836099872,89.10142513840451,96.08092769149032,118.06195466169252,84.64068658223911,71.58824116895443,3.145215849147467,1
7.428899545638245,17.94172726199837,21.799177482777328,54.06509206949749,248.46762103625787,109.67988632398365,37.06641878583411,43.101098048196064,4.145024607337152,1
7.7262445914457984,66.79328845368512,34.44551736146539,78.83313008429485,125.92837000627266,55.583549889429094,61.4463003019859,28.384774635623792,2.115026441913386,1
7.13513346684287,79.26535865394054,36.199951590804496,88.30469380868672,44.751150801092344,58.98538161064762,26.68241390581884,54.789111245876285,1.3309970920487615,1
7.26910625807141,34.60261306853426,37.74069813021688,84.99807368446506,115.82314693809327,79.36207636196534,15.797853957724698,35.550070126955085,3.094987748946617,2
7.896782606261278,75.08391737593846,41.928848922064695,41.88287025504968,294.7873335875584,10.031330609067492,9.975611006804261,68.82810746110849,3.984748185401271,2
5.498672035436744,35.45527613233284,19.244894557706036,92.15897229836848,196.31140667257682,41.361763684943625,30.960147376133865,31.871138331512796,3.4932752044899633,2
6.457699854572562,78.75391131507406,13.21052480579099,54.48396862791506,136.5250649937242,37.07013511906788,18.40118727773718,65.92465743090898,3.9750289221463486,2
5.384837767278409,67.77733325177488,24.33574553983758,52.05064297629936,66.6307837792356,42.56278307746925,19.790888081370557,27.311636635575432,2.6462186840431974,1
8.450672031986588,71.34347437890071,15.902420094868408,34.05803627305572,296.12950323943454,114.76775952934737,69.66454121289075,83.80721804343635,3.5075049774767635,1
8.276237358746453,16.260458892031814,12.672776674861653,61.60128751681739,249.83772259367606,46.35760135103761,6.346236030314309,92.93314528855664,1.0602582374357459,2
4.657707245474024,82.39672499518181,22.812804814244583,37.08588501666036,98.81364468625743,34.897771866519264,52.41386068751193,22.143365767492718,1.893098461452766,2
7.322300690062754,65.86696944492263,35.51214753225709,46.15508836028269,39.61923480193305,75.5542499030941,37.254217350444506,61.45826532410731,2.0581966579260897,0
8.200993269662664,36.33257667702934,28.985420736752125,50.60127041487329,35.85515606571625,122.53385472845515,48.056749992226514,17.795887072036095,2.5451829849841383,2
5.222301380509334,73.05762654011929,21.38333967631062,82.57371102695947,53.70588186154947,41.375461498874984,52.840570163241246,75.80006900962026,4.216305441027295,1
6.771780922210517,34.706483889045096,31.630260164781593,86.90676227573327,182.61520341203806,20.20971156306383,31.636254028868645,39.084472772260995,3.997186240888697,1
8.161953190352168,76.09276876962895,18.96054540926432,49.660310634995525,280.05375793753785,56.33261566045641,30.08425311566425,68.03869025225787,1.0381019691567381,1
4.635783914343195,22.88062732883559,12.43144338216255,85.8153778808973,159.08815984167566,107.19473719344711,67.33915719346699,66.92071103227204,1.1911586075298528,1
7.28968106898736,64.2580184222557,34.93060159309282,85.72001092903642,256.02473508773517,81.5897708103233,79.05854399029836,111.67897808131805,1.9305621983556454,0
5.689396029490203,52.848893365143724,30.712292545920274,79.70231177501678,144.84825356074617,116.18313804466517,21.36943875897487,70.39915448255951,1.6629754635626957,0
8.197584781506121,21.757412913680856,34.8690787350288,39.5351824109868,218.40339281499107,134.74697918920043,13.297594645487662,74.12983276901473,2.959083812625049,2
8.384232980661471,31.93256797811873,13.168140500629969,74.87098504854738,224.92436644022024,113.04612197771021,81.31264354332221,54.18184383408183,4.11110419105818,1
8.277065956453736,15.868282539412036,37.11358883491957,91.42656419773698,68.70983765293482,88.49440024968794,34.741114410028885,114.39875635010985,4.349166166690347,2
6.3968568666298555,47.81375758251541,30.5857860010891,74.36513111986521,121.14049651322729,74.13440644680946,51.8619782063392,95.49045003835705,3.114411810140906,0
7.948170603957253,36.08856825320002,28.901860521379206,51.555095192009205,198.44460383064668,15.208981225274666,35.561167284200295,41.39458193331257,3.8526368056043467,1
7.878197594140282,56.885023900843116,30.738421443435946,62.537655633004036,39.79505029162253,137.96185724582537,15.693198589414362,102.86305443538552,2.6008088009231884,1
5.7764018929730225,35.80664653960321,37.93299740605092,71.97212781781849,121.23125257362784,59.852545934755526,55.09318982055689,57.563599620359895,1.3333077874401589,1
7.815661896602709,35.994337805488925,29.608095196767213,63.18707656735273,169.7438505587339,29.789667809192686,49.63697240041852,101.15338578869533,2.5987536483739095,1
4.6480305388619705,67.02352391121224,29.42851139664538,37.79694121251304,298.9428580524988,96.67215120153938,22.254452531251765,100.51768751228522,2.7203304057506044,1
6.885079513928212,18.369998518484742,41.72037471197297,50.28416290238134,152.8693975342834,46.957477582409716,43.40886879544362,30.775720543913984,3.4698302568542263,2
5.420035349150812,78.2026496634391,34.70190501205704,82.15574198598611,248.4958919920106,86.15117522103618,72.7405378413299,87.12552445219346,1.3795319588293964,1
4.982267543109115,74.6584712073827,25.26881416353406,85.99217299620864,140.97883981865297,86.27982801979685,55.18621876417076,41.97072662371842,1.973241528346927,1
4.807812806516837,61.746327825848454,33.22191000098783,38.92450212651207,242.98940233351848,67.94487671737299,13.237972800694562,42.724193699193506,1.9561098768582652,1
7.285155103512559,56.5255099075169,23.676914150753653,91.9051389059171,186.71614445363036,118.69542002085554,51.58182726447648,42.598288456863884,4.33775838296466,0
5.859499855072265,77.46117486977565,18.86626387450497,51.373470160159606,268.24672362067156,44.44571800220759,64.73275543961489,89.8125072315943,2.2757798413068757,1
7.399067086115046,27.973112567010013,29.905556306632782,73.05039301749679,135.06391465803077,68.32223691030543,72.37978949136387,35.28086459717897,3.520375869192586,1
4.7614253631957695,20.527841353358003,39.84546294341854,78.86863448718427,189.2052375500141,79.89997671682629,58.47499418391268,10.099641877069924,3.503245525497756,2
5.761161351322441,31.765711893667667,39.87418560046388,82.77650525146242,196.40523057327167,96.27121369974896,17.975943985966616,88.67605388308964,1.5621767392129655,2
6.657965169501349,70.62047950901332,22.25715834316471,91.47373064468546,136.86722370413253,111.91634056572663,65.36472766016365,28.83032182186378,2.7874787574869284,1
7.662892659355855,17.426918670853834,27.83032398665085,50.33977062187347,60.40737223249482,61.324946774173284,62.57405691692889,21.49306348386181,4.077211573274592,2
5.77501001172828,55.79647845584427,18.349076957095836,85.80291954585104,46.19663393545395,93.98610273255748,7.076285049953824,36.126773265346614,2.4007908778277978,1
7.003565505748036,84.6806261333917,41.8689332849665,38.55964872335346,24.668034167897268,29.579423898907486,39.99855174517067,51.78905745549744,4.280470029370184,2
8.043910992944749,74.89872656862775,41.43353723603807,75.82765891298354,264.5895939886601,131.24425307052223,33.30077099180173,62.34969602205208,1.3578329172966463,2
6.963452752729218,51.50119823305126,31.48526789122342,78.22855241840908,86.21297542683448,59.79764483473046,61.90002546155969,14.90270447838939,0.7966364230961229,0
5.4318378990145355,19.454863650064965,36.1324217903242,74.05201067808582,79.22188979889506,104.83778485693699,23.371544046428262,116.76306658900965,4.065815492578997,2
4.5976031262261525,73.1961460069997,33.453004838511,46.400457848784946,226.08991211929833,12.644340644683094,55.22411345281197,88.7669358761514,3.8907247918488665,2
7.9803954956037195,56.928495572404735,29.794746571184046,86.74780455598821,109.6045116644697,36.674328577624905,82.62250675420465,45.551347185676974,4.470359503735379,1
4.585077643401549,23.04530979416968,13.600439909666932,40.97580011907567,161.69251387531423,73.32073076206514,72.81320163773165,45.05669830139371,3.2175739524497042,2
7.998806690736798,21.570009937634936,25.642930276579833,33.486261448854,65.50309828328776,124.17282080520505,83.32390757840508,59.339680430530535,4.246751706668598,1
6.615748536108848,78.67387736056148,32.24358906502232,76.6352243897743,288.7288020093514,78.54316949358802,88.17300718927865,78.88693050393363,3.8077961003364433,0
8.256270794051584,61.844018405665494,32.32594841651054,60.90592149012769,258.44279200482646,130.88316269820427,5.906960795523835,26.101037324786454,3.8777053324803474,2
7.695132943094661,73.05007595217289,23.193678552671507,85.19137129731394,261.8610944302009,72.89359655576352,57.93300849208559,30.782279514144754,2.776566281817073,1
8.49173644213335,76.52852301975872,40.25075959974092,54.92081416878683,133.89664960016145,73.7583825756735,40.091348809507046,104.5378041116906,2.0294583916668434,1
5.902847261806841,55.02406464338256,17.02071096710343,40.93810825300133,233.4611398380084,25.567082505069145,78.08763167848535,38.188041627797986,4.238232290173127,1
7.568753155724508,51.221244622852886,27.01078338646682,84.36874251054152,60.28532350913844,114.34531173978857,26.404249670776196,51.82144977726953,2.228468702463578,0
6.107723654436969,45.12991872246931,32.726519296524685,65.67912605660466,22.413320725698476,42.105503620718125,88.38750657478147,105.83990360451287,2.6552774689986762,1
6.419502481215636,37.18626114537835,32.914074176754276,42.29772650537306,25.592421121847874,126.94962361840096,57.16517741121852,82.94626123398048,2.284457228500751,0
7.01002185287348,45.42171726010982,31.459168703064467,76.82495990811898,184.24848647327693,128.40714864295148,72.45067918945063,47.58830672758572,2.7592732558407884,0
7.9947084567453555,69.17157590111094,20.258646403555804,63.22238650181753,147.51057346942343,132.63031454363946,12.275961989935308,85.20695002970828,2.3820203159693087,1
8.43633387679718,57.13464017105921,16.68619706059866,69.28034384562079,165.04429769438553,77.6299635834017,20.59392020450353,12.165153691955508,0.6918702343179035,1
7.573093655458073,77.47663029683923,31.078209804801325,59.95839198342782,22.08967931682143,98.02219202187376,69.46431220790727,90.92069260125018,4.028192744030795,0
6.1710671286693355,46.03660100654314,29.979063484183133,83.86608394817041,138.35225350407921,111.20706440801625,6.868854373342507,63.57176445678634,2.277575275663079,0
6.18542800910828,57.49627051031278,17.380680308677228,83.92157651939824,221.05908513624104,27.03190042456053,74.43462880097154,99.45003620129074,2.855774594029395,1
7.4503292063555655,59.19152871643921,33.1541743671169,76.11027341858511,143.95423655088206,88.12443534967464,6.185666588812474,115.01014172071152,1.0567512110319481,1
5.455108583073209,56.41880136144279,25.655159752009695,36.85108953077005,225.02137776742222,14.458727169430517,60.855101320208234,111.83674044440252,0.5135513919305565,1
4.941896452525579,64.18436411598614,32.03281774809459,84.52550102376448,85.24531003111375,74.68359084053436,36.032983219703496,110.01915478008749,1.4811603745745718,0
5.918488630563106,31.62034278623644,37.12101239310452,73.61584373463913,247.67976125488312,30.129548610629563,56.977062481131924,66.33869515272758,3.318344128533401,2
5.648955966616327,50.86546442820534,17.091852857307693,75.30657079027947,184.76074732696665,33.77998037507101,64.16266959407466,49.615632555283185,0.8967781204515144,1
5.68523248182396,22.295736196584336,12.5743460399051,53.59388462625166,79.01366784037374,57.4561836700382,34.11039363083586,61.15388572037401,4.135549761545871,2
5.43443100419964,41.91579293513688,35.3730775918736,87.15317115020544,86.28173323907322,66.21683167314539,14.176808089421021,85.88856036446968,1.3600902774247383,1
4.6683727585454475,49.13669480348851,30.290922754578478,77.14915401526574,195.84853007947038,91.01241518918434,10.91989875860258,107.23975545583055,1.3183744571671032,1
4.571495738933655,60.65569816818307,32.989187088663655,37.31838032439764,252.38308609948413,19.675694397007035,55.059561917816566,32.76849333001315,1.226031846485982,1
8.450889558944127,81.53717368103425,37.14464924965928,56.505572236400575,136.37577896816344,75.47992896086781,49.25570506739948,111.00124743078733,0.555926851885459,1
6.211092534943449,57.04557465838491,36.08432804473502,87.61472352740921,92.32412015572582,33.741266932903144,68.08708577529626,99.6698255166878,3.5872218739129385,1
6.037306588638726,67.05157413235918,40.82760440786474,33.067785610329636,262.76324993496814,84.61677275412644,48.32751835033466,117.67416166960581,4.000138124981034,0
7.21858913077228,50.43862416466419,28.078052365563547,92.49208027673322,207.39512169023376,92.86259959395386,40.907892152624726,106.82769506098559,2.9566508104647955,0
5.373015551460257,59.38728219634319,26.65486897979716,74.14556694077157,145.46393643926143,82.37220335187101,38.83741015007962,40.79310626610973,1.2527999267194492,1
8.299844735800901,19.965255129364138,24.056615996721902,71.03943854681948,156.61205467820452,105.97841636218,7.247986720801735,21.655150247845246,1.641111987763519,2
7.645380057662209,32.807410658929285,16.610731285326136,47.58635167171944,77.19181102219099,53.629201751317176,33.52236214421586,22.34651791907475,2.403706789459853,1
4.857644009249038,40.32971652435971,29.178216986460672,46.17146626804651,195.5047364181563,109.46385691230701,87.96171338958202,42.03456504361037,4.317383806493203,1
6.170323103139713,48.07453485045595,20.310375729779363,91.2337842667587,120.44790295200882,66.25972062206517,79.25222397930254,77.56020963829931,1.4894054872709712,0
8.016473230248659,18.195412185166862,39.63922536638927,49.38770952521798,298.7806494688178,72.94398478193759,32.997135697908504,98.47523587068898,3.426583615679552,2
8.27892808916564,24.801686828732237,29.495724128312926,80.40784428673496,154.45138427332859,94.25327654393928,54.962609430641635,108.91753376797212,2.2577928931716813,1
6.369606044999479,34.37700154539141,29.785205415243304,55.55291688346014,156.0479697330917,12.386589919899116,77.02022337051699,78.6128722806156,1.6913893934400872,1
6.953645556842831,83.00728836307354,22.6477398263103,39.051514601005756,178.43850047498813,95.01924878463228,42.508318623755834,10.619444402285911,2.323663748088455,1
5.168135784368301,38.19429049721356,13.559680559331225,30.696494350198332,276.6916808732491,90.416069379375,6.526418418762832,30.494845417038686,0.7848268701649301,2
8.464674504547906,48.742874067845776,12.952312961189659,65.3767269059913,244.22906796073008,50.28012517792639,11.333389254584407,20.969882423870473,3.69474948372145,2
5.426686805533773,28.726839891687504,24.700054324595925,93.42562320568062,146.3164195433956,21.15325703693363,48.38338131464006,49.9656923125911,1.4732077119318685,1
8.270927096540502,57.75460497530378,14.536961342917134,53.99385259759829,221.23579447238288,21.821608488695347,87.40234693244966,65.14860929971205,3.4016484927718817,2
7.098586595969474,34.6478250861182,30.205408666204175,53.21750170954792,184.14593965861326,130.0190871080797,63.92281108860376,14.773689643641692,0.7733934857927789,1
6.930947179515437,29.489480490689875,38.429190169189724,52.36595516021374,157.8627736363497,99.60631175935883,11.02787627227841,48.33257733752208,4.320394224662744,2
6.550754044066034,51.160083991218535,38.48744449556166,63.835349424815796,73.84841637961814,26.52333979019625,21.095674442308336,29.709764208785483,1.2720599416227945,1
5.422679246871034,15.385405941229457,31.77136230396697,58.643217422579085,149.90215376736947,56.37401201015783,70.56246717343225,81.17771828847613,4.030968304828322,2
5.206112128022033,15.536482285445773,18.33695494418793,87.19445073725595,88.8292043663209,87.02278920720754,76.5223795962808,61.0699606256774,3.737892838461738,1
5.381944836280701,30.334816637130047,37.88990494076616,62.85885146202687,276.1558019584633,118.62432166178434,57.50403982603022,64.48494116272997,4.371439696325664,1
5.2457530485770185,17.57049537505748,38.58280305939624,63.00425948225697,113.91390777897715,15.67592073269111,59.77596941853441,57.046096683680716,2.4115626437829984,2
7.618337894267013,22.561802789148395,17.89960754858876,38.994153656836176,286.63392406934423,40.76230709110115,7.4086832825876945,115.16216815352237,3.409589175383806,2
5.90050103666692,38.72024545371261,34.12278257312032,93.87807015917508,169.25548122651912,125.6673687383994,75.42507206442822,33.62086376337196,1.9828426281511362,1
4.7313707062535855,71.1809975705869,20.59558646781369,46.24823790647393,196.8324260293249,11.191521523896142,72.00339269452051,66.83306858282617,1.2374729520787753,1
8.376410520563246,55.04340503585106,36.07920937058789,34.76866438487417,172.02332445701177,36.18188336320536,27.017987248784507,90.96191052018695,2.2723037317337953,1
8.035143539853703,50.88674081694915,41.91713699710808,73.10450618338857,56.22657275067625,134.67314287648557,65.23752119706809,71.25288544480188,1.1629960615538195,1
8.211009132780852,35.54421762456852,12.900780159881784,68.69881406019672,125.22994132222347,89.74224004788225,23.26264154612484,112.19229742884812,4.428178491145536,2
8.479631290585742,80.22276036029714,38.92097597372796,56.98446750952847,47.760911437734705,44.01727766287584,8.428063689378604,51.576519120541256,0.8849859645628655,2
5.195580996877949,42.79105288660342,30.678916007959742,57.442495202244075,194.4271323713469,18.70884227146019,22.09660612018207,61.004338635049585,2.8568468938104816,1
6.084968075610635,21.096493675704004,41.20147857494463,81.02915486801803,145.1247746561229,13.66487425813888,20.183454524115458,19.737454673620128,3.0058554210162236,2
7.532953902816365,58.19465612824609,25.95028552579283,42.72132160647719,237.8357920398623,41.816860352800546,33.70857972246202,76.98990221571214,2.652318171496217,1
7.284082472215169,22.968687543362098,37.42163791714121,83.31646573141784,81.73173467982355,124.59315654655836,40.56820725991394,41.70331652929167,3.1487435428473343,2
5.11558362535942,39.165619996118444,13.871822057948316,72.16856240317618,66.07849636021378,64.06877505867624,48.225805777305176,27.633994346712573,0.9647231000475638,2
7.7633324999624715,50.51883571024662,22.05837150234887,57.23303529566908,133.77302466985498,103.64333799157909,45.52407941820789,69.89844221949589,2.7200740968211643,0
5.397762287346643,76.1955767279623,14.0104961325363,59.77186007795146,279.44390730114674,129.3770545993945,28.007341507049595,68.55412897179016,1.6488502845094462,2
5.395270459290492,49.548260623808304,41.26029400437211,46.68206846709623,218.9181082034753,63.04526000836616,7.47950682879633,18.345880534645232,4.260704253204226,2
6.647897691573654,64.15811362221649,36.5092172181551,78.88743162530336,137.29861494201722,34.86605823486162,56.43363789015781,86.803699884392,3.548286613758903,1
6.871759739366812,84.49717872993493,37.57642263737911,63.3368582498424,164.83620753120695,77.22533101139953,38.63831053702512,78.61494097159381,4.390057928638971,1
6.820344831351244,24.204238392858713,40.13895694301682,50.85554527873983,43.57964312958754,128.0508793177811,30.387133377941726,30.791901102114693,0.6502242789607582,1
4.8659473495910195,34.231206786366364,14.55310458359356,68.74325752446177,295.6812509853117,114.56867383790107,78.68998864059354,61.63783483694482,1.6405327007228347,1
8.009843450521522,42.62032529183524,23.5679277754,94.72273938333599,206.5940453145773,18.557879637209993,68.47318116284359,89.2355208126416,1.281690346553396,1
5.562400170354824,44.527972497718196,14.131046671320064,58.292048177676,99.9131391697583,100.03446401008564,77.91007161165759,68.23793145954042,0.544618349247322,0
5.018059685131217,43.771475268588205,18.32379304650086,89.84494105061027,184.0263503802684,84.34667791966399,47.07353755055918,53.50379838019272,1.4693029209852857,0
8.05499231947591,78.53277017895884,18.88097331113017,52.4260945950968,50.65506249931831,127.97021292503531,16.129156430776085,45.4572303889038,3.2151039340817156,2
8.322605992919014,64.98228511267996,26.07321633142736,33.557625950124084,290.4342672661234,25.92258419053864,64.17882207030816,77.1433253308459,1.4243556885382742,1
7.9485104690618025,57.553364986349266,20.056865023609276,43.27573691394788,68.93979660734246,79.42469471660536,22.516271294659894,113.30195681412647,2.536013781930473,1
7.738064298899513,36.65609025039475,15.029343204532832,57.21518431629947,201.44848905545996,124.330150156546,42.50452187279593,83.89193245252318,4.0512724598599945,1
7.120967922556087,72.66532689549064,17.02473267282323,44.27627035864698,88.72724951090052,63.30309227642659,10.525067060655523,18.222049399994706,3.275031681396301,1
6.703429482436557,81.85423580394922,16.418266906562728,30.01475748418661,220.91718714159,72.65933930527271,75.15121420595351,60.675347083034715,2.078516279624128,0
4.847947039645641,72.48387977851586,41.19230393736895,89.47509995358928,237.5099828272787,19.159888096704577,15.704954489037549,107.99065446616903,1.9898757556484332,2
6.133812852282794,15.109557363403104,34.778775207554204,84.85216173001038,208.55752409520113,46.158673258358405,81.76328809919133,20.390866838119557,2.322943256033939,1
5.990754068049256,59.54809591283849,41.03284395808686,78.24899504665157,192.0598488714539,52.18586439196315,78.45960119223236,118.77632833512976,1.2081657642396255,1
5.539015135041305,18.57947670094705,25.192214595237257,40.90794871699186,269.89134630656326,132.8659183368353,44.489534977335914,114.39763330099635,3.0360030696639524,1
7.39368045475434,33.03250542336053,20.351054449879697,37.8236324536491,42.015479077132255,46.74675687035067,68.2712973658392,18.610192880286345,1.956611276418422,1
6.483502940315083,19.16672902434402,35.9487959162756,34.3943087157049,112.65613441845466,69.91293558505475,57.652831274543026,112.67546524945104,3.9094613970481746,1
4.824184863630592,57.265681706457144,21.787617541234404,77.06189727023988,89.52049429663687,97.26957506335637,73.26142959870832,49.94458492854084,3.526210640231265,0
5.380732807799245,63.06129394448247,20.98150121116045,90.37251744471254,296.643909378318,31.08383841302406,41.703433566802524,102.91800837834488,2.94205265636864,1
7.233035054638384,23.01413466461336,18.975179766234938,57.984828359347404,129.02913830672458,73.23751032844368,71.79372116076975,56.022167148459864,1.9568088905980643,0
4.804523437961201,41.86872181314857,15.890369346727061,37.74414367974313,225.13155578731164,106.01007513186799,44.30882945053758,58.49406239727674,1.3397273266939376,0
7.904827656195074,46.93655562688794,19.693891830502977,63.30553334758693,211.7230458866813,122.69117769351858,84.98209196663747,79.76674000752969,3.6046074564224915,0
6.480586108055897,40.83371152326416,22.65959245421663,52.67407398481096,79.38274649366576,91.41370570611546,46.341628570137544,95.19251612035816,2.445636395964346,0
6.422346309306592,23.471750033963513,32.219826244371916,54.36362008274985,86.91935045923437,96.97695699120322,44.32263811436701,13.71680660430735,1.39900015270943,1
6.86963113863807,44.326345313123284,13.876945266583547,70.38649057012097,98.75967779484955,26.416851435993966,71.73110823289858,75.24715950798478,1.2806984601600249,1
7.798723863700596,67.58246334658926,18.315208189960288,76.71667736204316,135.1156379126262,132.95094464202515,74.83410379967123,30.54062935071081,1.161603618005436,1
5.891236831608772,19.970536517327883,36.27070920875029,37.189233926755456,85.6110183821475,27.234630072982707,52.131574717299515,48.05444696495233,3.60864478482238,2
7.212064610236254,20.61260098573324,16.407657707513124,32.313365002420966,25.502415169117384,110.70748183363378,20.28281414708141,48.276553277073816,1.4159487412012468,1
6.762927855983165,39.833990428518895,22.279354395675647,94.63146967457146,266.23005590601474,44.42612183118145,44.75944963139426,61.5966374243269,2.60656905410079,1
5.568113080677685,80.92079981332475,37.939767655744205,45.12734267951087,290.37075278664753,131.3671086811627,87.28616274732266,46.75500530637907,2.306185443892226,1
8.014519945420632,61.80008527060399,16.64775933430328,33.49898411904984,115.63970836883902,103.59474011803233,69.00382640833074,21.809723029573455,2.8184435969131356,2
7.689704086427712,62.506896967079534,14.482105068545696,42.3418963912348,114.7819262391324,107.99578268718797,73.94882132972624,26.019161237799658,4.008619601484777,1
7.1338073386337015,40.33439935865054,26.536139852400325,32.53226001265018,21.985707576823877,38.47769249778483,7.790167399635411,13.678178411720744,3.9709895603269225,1
7.902326916376968,56.55625538459769,21.07258533835609,55.46770815011616,210.47019273250473,67.5951969625709,44.76805432390359,61.72739938616297,2.3043042872994386,0
7.9691768038392095,15.709182881942036,28.902250934515624,82.15611598933609,251.12317080961606,90.31571529660724,59.962796360892206,114.98924643382874,0.5614650029388932,0
7.333451906860139,59.526723248667956,36.11414671450426,52.180889234251836,61.050324100800886,110.09657036685812,75.55277810838635,22.72427460129282,2.2057752228572127,1
7.848053313454688,78.93008633033656,16.114454644582295,58.871921447093825,64.70657782280222,23.514718868610643,9.188260554535574,114.08909423033903,2.9247741496965616,2
7.289885846677135,57.88014278413734,29.42097253662855,73.91314028188353,241.22330999200258,135.1074911390887,77.45730527955921,90.6697666205303,2.731059036392247,0
7.220563087041201,76.15890154264414,27.165262811695918,63.07811455454221,192.5614095391605,125.72868717209228,51.614079623062494,80.12486832275795,3.105344423200822,0
6.974445512860737,65.67811388262658,16.322363580395987,85.99396959138608,32.56095613576076,45.145316764425964,21.771687498965093,80.98055308559192,1.116302929892334,0
7.510866558230565,23.43908914825832,30.71995456586947,86.29231887797417,194.31315732943887,116.95883159420316,31.9666933982245,100.94004132359103,3.0861403951229303,1
5.134420421172295,78.17173151000893,20.20921253582315,30.644195206924987,106.4969623962545,77.38210999517705,28.964011898882664,21.76118508178035,1.230606474975089,1
8.023483036795714,19.65106910490424,26.635029556320376,80.57300992140794,123.24304353183686,70.03484260306243,50.123017914520446,65.52297559220959,3.502095922786996,1
7.987374110980928,52.377723078343465,14.468169728311857,59.9476840157088,235.52479712312646,50.8764337554827,9.393282792446204,86.68002520868343,1.85635045305072,1
4.616989132138237,24.949598665542037,25.78752171640869,94.2746351847381,247.06185394833096,85.52591626210702,18.4755734724935,74.550248958092,3.3395817335258142,2
7.803267002259051,15.819462751163284,21.19390404128461,61.410084931903285,132.09985551515257,104.88558530146771,74.0789086869415,101.60569781256241,0.6914623956244283,0
5.015479469893781,44.54239820893473,36.67143633556063,94.14823645023934,285.20282208177935,63.421277645158575,16.27133921347894,17.949887991248666,2.1314401023636536,2
5.840475417036568,35.652849535790935,13.709361809921049,79.04700847837287,133.80956102658024,91.79849509107797,24.838682903940793,85.97711434490826,3.320138089053331,2
7.474033025166431,49.02003456583221,24.5582182475499,46.15931749986491,236.11408986443078,100.91067975018949,43.53650147635337,68.74305034231895,1.4074820653259765,0
5.143039584193232,55.40399207141856,25.75294272394314,64.99567365365225,155.48563407799253,102.44583621198716,48.95527548963309,51.707695037793776,3.6811481791888903,0
7.771868096476249,18.061735061626315,33.75018228897356,94.48881656610787,271.30905142618354,16.75559275705343,69.90689076720348,47.4302480457434,3.023118932419728,2
7.828536711830967,23.610230658662196,29.22862725270633,85.73948950387503,274.17314822205003,121.7672147390587,43.023256266625964,78.29158960516122,2.8502470885991933,1
6.529870935043345,54.10496775152978,32.01637011582543,36.32884809642937,44.476706203903476,69.57293091945624,72.1384927880208,108.00949121086913,1.9141954168173485,0
4.525543486867335,39.021714722086074,35.31147856955268,75.91417979264975,282.2181327668632,44.11409062050788,57.559436098863884,64.57935187112268,2.4298058815244703,1
5.648152532699651,66.04214412846136,37.86608920974567,52.462673081602844,251.14975562571638,41.4293859723586,14.613477851024909,100.71954804846122,2.8893972039114124,2
6.967707673502969,60.66041540143578,21.416264901674115,30.45384702222263,241.5670000075467,72.79183466971355,18.28817226339128,54.237202002836426,2.389848455659562,0
8.424744712109694,74.19230540929348,28.14068116091709,56.226262986754975,76.25517511194629,125.2881001309647,42.147866663230516,21.26339090724942,3.2932532957622405,2
7.027254108066673,63.47449786684577,37.203242353175995,45.259037412123135,245.43337845130617,59.1851856187441,38.735598412568365,16.765631010450242,2.2347877324278382,1
5.539214324256639,45.09517541731037,41.68353392895169,83.22650258383065,258.0371657118103,107.46434708186064,68.20126291917003,15.646780845604534,1.3090927269681214,1
7.036022812398445,62.10766356761027,38.685579331312894,51.92648957497475,100.96209364716226,22.586435028338418,54.36265688277491,51.8165156153437,1.355735131204189,1
6.6599415188634215,34.276682197879296,23.144017878731304,83.7890401069981,286.63282194145063,71.88737127963803,37.99131188519119,47.09615259194263,0.5232150753717644,0
7.619381580604575,36.44194491447489,17.854995516559512,30.038866024261694,33.96084099176599,138.91919825105563,19.514624093282777,88.97307259848264,1.7038308622346898,1
4.927922555307834,70.22896119445554,26.68177612219766,50.008244751697745,61.97459090919911,110.1569143630038,24.281153697667087,91.71036517433524,3.4956705619140784,1
7.5441116100081125,46.24936614811075,34.249243555081264,45.67573893000453,170.522718654424,37.36870349727969,53.91758656987001,15.593936571711382,3.676650835350438,1
6.6650663147044416,70.88662383628468,26.777072122598927,45.18187846945971,181.22189191424673,75.18739158072839,40.992298416482356,34.323558917791644,1.309870168383,0
8.351968015435979,72.56956615677949,26.495425899410055,34.432130284755075,200.64202332425296,40.37121927431365,48.76883825315713,40.16880351747896,4.336175987485631,1
5.867488664154744,75.02936363628987,37.14691263245402,42.16307757668261,24.75135620833061,63.2429205441262,19.50758200068986,70.23731825570903,2.509611173920507,2
7.030487572535792,79.16446650888452,22.84211337201559,66.1107220425653,288.9026968941965,111.41092308554542,61.347031449288096,25.89667462976453,4.1679149960740105,1
8.22811242204007,45.16896543593074,37.79384024434937,48.93846973445339,32.48466596556032,110.25922598775247,77.4657929727572,24.73353413400004,3.3270611274465245,2
4.910038911962717,37.32067728247972,24.204144028551706,57.130660851394616,60.05734676255267,39.65304912731007,26.92485807688655,113.81677781287539,3.3897336920896524,1
8.248913948945805,55.75391226158797,21.84699317035018,54.49634722256725,23.924064907295953,129.8890313601318,46.77870919570526,98.46231980275591,0.8401744852242845,0
7.251542889203254,40.98206964063393,25.61969733599097,86.93382012499315,178.72036132234652,87.03386375942749,87.91982296677665,29.872039230028733,1.3799645075877227,0
4.771348236420687,57.07519167601631,34.87340876024605,88.84443493568351,281.0347274978722,59.39015782506189,33.32554794681185,54.722458869604004,0.5352593331778905,1
5.703854267787265,64.39101038506772,15.780060835919828,62.0422031576309,206.46520650252998,75.25162550151188,55.5789393185197,49.11841991833221,3.36451056190695,0
7.332688354581126,63.18835129444958,17.89257647616052,51.46013677051428,250.34409117451963,88.65926294690668,12.666634517020771,97.01044814719481,1.87775315371404,1
4.769402405875087,41.218702091408495,40.543344769892755,36.94204576015363,23.718736968402425,82.78576913995211,56.51127521075267,66.12342081259342,3.646610064305387,1
6.828681840705093,26.680214118912698,17.26474882144072,91.97118715983618,171.7642835743233,73.23265461970317,12.618700730892522,24.063471069281373,1.855744879748105,1
5.883532227811827,45.13705369235453,29.031819537931636,33.91475141851934,148.67763370154614,75.64126453162201,86.53501200252488,91.28912694718683,3.7773350091954443,0
6.983662071069908,24.98159008573361,29.379433999858136,49.34726804193823,159.71102438182206,32.933548355625206,65.83132542614646,53.65767760474108,1.022793014993252,1
4.682968135250052,77.30679246286658,26.688733861507345,49.37430307605027,40.21969189385263,115.65527755960832,71.99358199153505,38.92166723953618,1.1934926270300328,1
7.986147224609505,39.21142225165002,31.34235745730456,50.82608359911397,211.64190109940608,80.42884159233199,64.84887066558913,51.304848422279214,1.863506158335746,0
8.393955876709587,25.812182305632664,18.894801773928553,40.6786448127066,160.90171616041764,27.040382021611403,55.12696806649959,64.7532219967586,2.1339495555290933,2
8.375511421142766,16.781343193402563,28.579868033302446,80.90549301004032,234.24167796115393,109.60042320576113,43.24258639226795,47.74270680587104,1.8948112433719135,1
7.498607326971699,60.207567040053895,23.165197657406914,37.9623610277893,155.8813775372803,131.2177171890556,77.96173727969031,36.609634985093365,3.5545881300928794,0
5.020344960522528,59.583162221832026,31.85001778887567,71.26893284495557,61.82685814340098,133.14989690080506,86.33103174116036,53.835223168437835,0.8878055705068588,0
