area_hectares,rainfall_mm,avg_temp_c,fertilizer_kg_per_ha,soil_quality_index,crop_type_code,season_code,yield_tons_per_ha
19.039735882944445,670.9899636498399,30.472168866804655,157.8388360114694,72.13670201505843,3,2,22.54
47.56035816729085,627.1000653927041,33.323672135401566,138.1528066995201,41.2051135368358,3,2,8.47
36.733700119664555,128.20627238707925,20.760761672227478,86.28244097069178,86.70564661806297,1,2,1.8
30.13359496775331,475.372610388772,29.372104290960976,21.486802291633428,69.8525555395007,4,1,15.04
8.222922701900607,518.2151806644428,28.15015761230622,134.1350210371872,40.218252431202025,0,2,1.3
8.221728756642031,538.7050589865905,34.155098666130236,85.6939773693159,92.55197373627844,0,0,3.56
3.3751388023258735,738.1896061500655,35.84000239106899,188.95990916342308,63.69375511679584,4,2,18.62
43.37571921585929,686.9628013995663,15.279605743979896,25.507641012211202,34.73839937165758,1,0,1.62
30.255193081288837,768.6956020727891,30.50245813835223,154.5103966003319,70.74413878697936,1,2,4.86
35.549592600904255,941.3715876963411,16.192223379753766,236.53907462639503,46.457928955832664,1,0,3.25
1.5189324676422211,994.2843125877029,27.623749296779188,60.114131435644886,82.24007437202465,0,0,5.5
48.51053768201872,889.9353838491438,21.615552768004598,128.47938287263693,83.15843478180238,3,2,28.52
41.705910719620874,1151.0760655504282,22.05586178900925,41.02705811794178,93.63157813055302,1,2,6.11
11.01078597857467,120.0558409439978,23.118045579404203,163.9068398201111,62.62151951659274,0,2,1.26
9.50033587675148,315.3557842519007,29.289726328141032,146.62228653713188,59.572197182302915,0,0,1.32
9.578523237744974,108.31916247595633,22.683149210381693,113.69407056895143,78.97591435402124,3,1,8.72
15.559991026497118,812.2221855700633,31.85207816357645,139.91671493896047,38.61059266222523,4,1,16.83
26.475443365795773,1087.8336038449856,24.304129868199002,226.21217144787235,65.54950839655308,4,2,30.44
21.88127842278473,367.8305262339292,16.572123607129047,65.14768953154541,65.50609400850531,1,1,1.4
14.915842439803075,1119.7379992759375,33.026476377134465,25.189837692229865,35.81575298267517,1,1,1.91
30.786718288757783,166.29412931851692,21.572441465632238,218.18292348079322,57.16896555794938,3,2,6.02
7.404946102276071,1127.8796294860658,24.953638230783042,152.73692894921848,85.46351190686812,1,0,8.01
14.961160102493299,486.78495596359784,30.765209314103735,224.85144475622374,85.64998542965292,3,2,18.65
18.634911243037738,211.56291129413816,22.646491614420377,157.2974013850297,36.45044821977926,0,1,0.81
23.075464218743278,634.4589351049582,16.30147009137446,206.33705069073156,35.896857378609006,1,0,2.77
39.366210088954176,382.45422449255875,23.600184081294714,118.82487357168402,47.07520600512579,0,1,1.69
10.383852216838807,413.3601921581151,36.72231740196898,192.4677841963018,86.85979406600958,2,0,3.84
25.954604701473773,438.01896141891524,29.759891137866838,229.99953738466687,38.37866802977743,3,1,6.46
29.824521158671104,983.3284876159298,30.44402041934576,151.58828165610745,76.799792170784,2,2,5.99
2.7992954296398875,693.0774043427799,29.542489533665716,61.58058462934729,36.57576527485171,1,1,2.46
30.573470169121197,442.438469071604,19.576819196067046,81.82345145694558,70.50396049360864,0,1,2.08
8.94094412252093,771.3671616420102,24.62167887435244,65.68825268640333,53.14437444274441,1,0,3.93
3.7200538527713363,887.7657416455129,32.27161536235632,76.77711634701856,81.27940759278135,2,1,6.93
47.469834094039996,399.88640080688714,17.33157664372266,90.47555335073837,45.189879173648634,1,2,1.96
48.29878563719069,554.9040116778867,21.39061385006338,147.68077095323335,71.5481189103474,4,2,21.15
40.515668731764826,234.0747026706423,21.355339494714634,155.23807477668154,45.31936474743252,2,2,0.73
15.578381574081849,299.26428448814835,24.93643533467364,118.09494186562806,76.38791840229,1,0,2.89
5.334769643316002,849.2296393614811,37.54848104167026,161.54677935879215,86.78907224644867,0,0,4.61
34.369534812351766,299.58218246518965,16.552558573727904,38.76223289061416,38.2421169432394,1,1,1.17
22.287548440110264,677.6797220337662,26.930122870753685,40.1912945233768,86.32871975870773,0,1,4.16
6.540892624816552,879.9508878946759,19.12538768628084,59.52077588226145,68.58239153692936,4,1,28.7
25.011257050507876,217.56461540421822,37.325560544424114,139.1578245492793,38.26218190635656,1,0,0.55
2.2022317952033106,724.0434415917939,17.605980608731677,69.21877610061212,57.79022059838128,4,0,26.23
45.51135990289971,382.21906207150016,24.282823054316598,85.15541280329279,40.45591907653136,2,1,1.86
13.309609089200837,1159.2195627613378,31.97135465119594,112.07195231978864,75.52261277632701,0,0,5.1
33.294853075522106,631.9002113919172,31.204751844631243,206.72920852238735,79.32642873716674,2,0,6.25
15.929698266425842,986.591804752674,24.722758648560443,23.18829125995783,36.87677381773193,0,2,1.62
26.243367048301636,705.2491963718879,22.97005586291252,169.35712865442315,62.89909042515188,4,2,20.66
27.562158827492343,147.7537861403011,24.145084706716023,173.84160213935763,82.95062864168462,3,1,12.64
9.650295548513588,796.4665131534246,21.078354052648702,203.6908294820264,90.85059770081477,1,1,7.48
48.49443907434565,1146.5436764273227,19.722657590256397,234.53317598387204,63.37866133821505,4,2,25.79
38.86907475637517,761.7730021609643,26.10991304385447,24.63170525833666,91.76814953474147,0,0,6.09
47.00519760742736,1001.1077453694692,21.176276389554967,55.37025226803972,64.81978307964194,0,1,4.0
44.79395384616862,1072.6271096832486,21.611618292636752,223.8193976328784,55.62238214899402,0,1,4.44
30.096048951148713,350.8877491438257,30.10538945991481,125.45926930301353,85.1332033559382,0,1,1.87
46.13277463364428,333.2493238990493,37.276358629097516,149.8558469546966,62.043876179775786,1,0,2.19
4.880378851570015,772.0790877360909,28.883655612865628,172.4962568563239,60.673663186694,2,2,5.48
10.201151689747688,552.1313167873752,16.770527742494224,176.1853190339966,61.87031181163884,3,1,17.02
2.7387508010716344,1023.8474331533923,16.73842311864354,234.3002927627969,85.04102512153345,1,2,6.25
16.603851372781584,1090.0254357378121,36.882734079448014,249.29836600468403,84.0762002097234,0,2,4.6
19.73952583962936,488.7635172329899,21.837688177068674,185.63621601411626,56.22879950861373,1,0,3.66
13.931777072807847,360.55761487193024,17.117540679896933,86.06087811718469,51.66449089158412,4,0,11.34
41.522506703020504,958.578066768248,28.778025504458775,222.34305252769903,61.9753215625434,0,0,5.21
18.15928967133267,402.2866391029497,29.343921900676122,31.320810344375168,67.23021313291208,3,0,10.57
14.406258229525347,1004.8757503650462,29.915610862729828,73.14859616113412,45.4919186908198,0,0,2.75
27.3634561163333,566.1120790136391,21.150246640723452,226.39871501665442,81.6070805065134,3,0,23.11
7.475749136250751,834.3048892206175,15.347545736932926,78.92404832105163,61.62137977260748,3,1,15.89
40.20875054732496,205.088845218135,37.19535349745286,70.74974371300215,51.71296064729737,2,2,1.29
4.190256862148656,786.2452571442303,20.770540050895356,51.768817422256866,36.94336454265939,2,0,3.42
49.35090336172561,596.944446610952,30.54860462520859,217.5957042587908,45.52493542623445,1,1,2.41
38.72611608018454,745.2693094930215,31.25248700721032,135.01339961394996,91.70327616413894,1,2,6.29
10.336426235941534,284.81562851934973,29.03017059282817,175.2254367024556,49.83147964326923,3,0,12.86
0.7733447976183188,910.5611194386004,22.19687006691391,74.98526833725683,40.975853808857295,0,0,2.4
40.86534070851429,1049.0767852975514,21.235213836573514,194.3492968325798,59.94373145757456,4,1,27.79
35.48943852045705,338.41378009985317,28.746370502162172,194.80127534128266,49.960703318416165,4,2,8.32
36.58585481802887,205.2860110721779,34.920199573068906,91.89754572890904,32.28535126762762,0,0,0.51
38.67788216095431,126.00244465097003,36.77487576523809,114.45700559236505,51.00443912316212,0,2,0.8
4.165210260837473,806.1686504875926,17.435833501286425,68.2287638089462,65.36706055606545,2,1,4.4
18.244053562941495,767.8034396976589,18.561058089747558,244.60903536426798,65.86130418129784,4,0,32.72
6.235518446493921,701.367153985477,36.728933952010834,168.48859272343466,53.17632987649776,3,2,13.32
43.22361958084188,355.14180572757294,31.94031025170023,234.94509256456857,59.07467915641904,1,1,2.28
31.35325727796412,529.9965954960662,35.30885797108478,89.77867503470063,92.75866468525982,2,1,4.96
16.879452230206134,753.9239687047904,19.660550585112894,199.83490998928463,54.52765101997025,4,0,26.41
3.64613833915817,646.4435447450863,28.51447503551624,196.14748809349067,46.78474286189889,0,2,2.36
15.893624924925279,1186.564072236376,31.126210671601893,179.08079992930456,45.82535786433941,4,0,23.4
16.59657444032398,250.08372781240644,30.64257336528037,242.0969643113641,59.754699825768725,3,0,8.94
36.61550582773417,864.6590094523532,24.387488889934055,110.51772730445258,79.36880966660136,2,2,6.93
32.05909483208305,544.7506449147213,15.354082508900095,50.06498442564418,43.389231972250755,0,2,1.49
44.41703075752817,571.0195764181763,28.407299306498054,174.49303762613397,76.10424826414993,3,2,19.33
23.87463879551649,889.3575422239938,20.821335401131,187.74125410975742,31.374738517712057,1,1,2.3
6.419915173945935,861.6797664568066,25.355847661286475,152.26393189552738,57.230643568956495,2,1,4.85
35.80561696753825,1190.3815930724072,37.0243633469278,67.56811542068114,80.43122923818115,3,2,18.33
38.15885990653642,241.23371839953776,24.177812305775998,136.02486658395173,52.01764212533804,3,1,3.02
28.283221279690064,214.52061432258296,34.31543695328182,91.80363941089976,66.64291159395097,0,0,0.93
38.66287540775077,896.7726988416152,19.336433932232776,118.31730147833848,43.323650133684204,1,2,3.07
24.94288202003734,736.22560870705,30.466591454575664,168.4002724442727,78.2297004232012,3,0,26.26
26.375275054408707,401.5767332157865,37.471159952095704,191.39939081889193,33.398141712469375,2,2,1.1
21.663280408748207,187.36130588788527,17.343541320077545,73.41167890730893,85.41527191690753,3,0,8.54
1.7582467738327119,194.2240745560736,15.191358671225416,113.22483294879927,42.882765117408425,4,2,3.86
5.8406256361685704,1083.6099621305302,24.97240423055013,81.90716132807472,86.8358720610415,2,0,8.49
2.0557446914933455,311.0540571906172,17.130386110181444,65.6852711882299,52.914400684533625,2,2,1.57
32.00231535755713,455.70871832707286,32.212840042553324,200.17906059904283,76.97443234084163,3,2,15.81
16.06062106327817,349.3220424496868,36.034619268516856,229.12811972050827,50.74964435610225,0,1,1.3
25.674249212652786,490.49593641513104,24.982482372301455,105.15340270745264,88.88425863025209,2,0,5.61
45.42454045934161,176.3662270207027,20.95036776957514,192.7941526059664,38.23141315869434,4,1,7.39
12.83996534286931,670.9657699990975,24.991276337152023,226.30891655381456,41.603786302718916,0,0,2.7
20.81395469026367,174.3738199514364,31.639299810550025,214.60856842195327,62.04695813532215,0,1,1.46
37.89978135788091,980.3921586045977,15.208245716348532,62.04707936402196,35.3259985374795,0,2,1.72
11.825509191835312,357.08329010147634,28.557441758148038,239.9471327480731,42.73871200561452,2,1,2.1
4.310505536525254,694.0131060649617,29.10570875240972,106.63558129877637,91.34481484378094,0,1,4.88
14.842696919231518,1068.0869963176042,29.66682967860652,98.02535206998236,93.47182797461267,3,2,25.7
8.480453719073218,815.9651059519136,20.566507839560174,34.35920527388948,54.45685640647743,0,1,3.34
46.52003379095736,686.2535652064688,31.423212637696917,131.8199404441231,90.01359136590582,4,2,31.93
40.50195878843864,456.76712842691313,17.102004185630857,45.07313159741361,65.41360391877306,1,0,2.09
31.853485947265963,466.30210436401774,19.58321773873642,77.16415881330798,47.53326028179486,4,1,12.49
43.63729921429203,836.4356507180091,35.18181107305308,92.89680300647471,75.65591687023891,2,2,5.02
40.28176780650617,1193.5532973432844,31.990632466711027,206.03005440308732,72.82861742736571,0,2,4.19
9.735217914858774,828.0231088343165,15.316147742260942,221.3623895910562,94.29314574206767,0,1,5.98
44.6816704252539,713.5617591070273,20.712653988505405,89.56725301613803,47.22807368160342,3,0,14.89
27.197440974824712,903.7155612631707,19.931349108842785,217.50056788625199,73.6838676730128,0,1,5.45
40.468287680621096,611.72617351209,21.22854554485037,217.16311559505195,33.38154407691405,4,2,13.21
44.85651934621291,166.15657686086374,20.693874716437385,195.8697185885209,37.386992515286764,2,0,1.64
16.24117201110726,718.5264974657008,16.43810480208545,53.739876223491756,30.254694371821063,1,1,1.83
5.9475702641199995,1153.3878129559182,25.555631881726868,178.77425478716768,94.96494426887875,0,2,6.75
11.782790545826114,292.83323659342557,31.852869920081798,237.35553485353083,82.14779031458605,1,1,2.51
21.641835536999686,859.0053799027323,28.954829668501038,176.98431011644612,81.13699595768014,0,0,5.74
40.99173091316341,321.0270575249621,30.476048377755834,96.27187529480182,63.13219489373168,2,0,2.33
43.106163871189,689.4104529203894,16.8664311063335,135.1332430090912,49.5043603888536,4,0,20.51
0.8441304612939398,206.3440946113916,36.884286334066104,168.51675997074233,39.832178490073936,2,0,1.3
25.781991477589504,595.4080298840037,34.285312178389574,137.4311940075558,48.503858025020136,1,0,2.8
21.16184465586456,931.7796617847707,33.51707732540024,47.58917659812306,54.43812942539404,0,1,1.95
11.494336618301148,482.3286766628803,33.928627515960656,91.77473026996475,79.1601563037191,1,0,3.19
6.433335683017299,831.4028969359398,36.45234168705351,204.55108702733548,65.07801627870491,4,0,26.36
17.211950984479582,974.994956868702,27.517841220615047,218.12615060196902,35.036435726106376,2,2,2.92
47.1740303436697,1119.8956014273979,19.606486410955394,51.57900752458116,31.171885582329296,1,0,2.52
16.498545135027385,358.1062900409989,29.18602298060845,239.04895305170666,36.65159166971411,1,2,0.59
26.180135776296623,539.247507390239,32.0862743543626,95.62920210518014,56.68241639032966,4,2,15.68
35.299438465311304,267.6576146634592,31.972100047142582,172.3321599080656,90.6575396081862,0,2,2.21
18.49966531777505,1191.7318523742128,26.993327555838242,192.91978357003666,71.4311612785994,1,1,6.01
48.603213094687554,1119.7010647167249,16.574550544672295,206.74763396671318,82.11868349190848,4,1,34.1
48.1411410996345,693.9528433086156,23.53559758389294,237.52243151196393,60.31434864279565,0,2,4.22
12.963223643355526,1026.2366238140635,36.17763199465722,91.9714960466292,53.50829540767778,0,1,2.28
25.11380104167308,673.0537749992465,28.4423249244208,217.45648454685752,37.04602422658048,2,0,3.84
15.393476335930098,785.9442568030357,27.38163469488141,50.28798779032762,86.93564644210332,4,1,32.51
14.599604471684646,198.03687532761828,21.18363083079045,182.15940846132634,80.90540188681368,0,0,1.46
2.3259038940493735,930.7974625464888,23.474325158081314,190.65487778821677,40.927676343852134,2,0,4.74
30.673434532004894,240.4848319987583,35.59296005052289,175.8763454763037,63.29693665195693,3,1,5.91
25.382611649828643,1008.6743932777812,30.328650093117222,78.03238931108518,61.67936251488092,4,1,19.8
3.048198186874473,960.2308964374245,33.109901615303656,220.79992381349678,70.63095092462436,3,2,26.04
14.292999979712267,879.619167517274,25.44994473055607,58.83744657519085,91.50214810943197,0,1,5.5
45.45916135534936,139.77641857723833,29.49568604749163,32.33600204979109,67.68514371456118,4,1,8.7
12.358313588015134,433.44119153986145,20.712823001093774,185.0169478407398,65.11412234061021,2,1,4.12
7.672296168515543,389.42382690192716,31.225599096520185,129.35941450352874,33.270990640753155,0,0,1.15
24.72791163373937,496.150048218671,24.834830675176757,215.29254459049548,34.08898594117156,4,0,15.56
49.289697478474736,196.4070214402224,25.17854684073915,108.18134244339956,42.17754143624128,4,0,4.69
12.48173593981927,1130.653605334169,29.93441346526828,58.70407535677395,32.11060015996364,3,2,11.9
33.77070959659099,709.1824647836139,36.534454293785316,212.38170426807002,78.3179382120508,0,2,3.45
38.20017095877152,436.0767417238259,16.47214597199828,146.24921527721648,77.0164697596076,2,2,2.94
12.263058427623784,536.6796687817118,33.969094458981175,63.515032249781626,38.84365523805679,2,0,1.37
36.54670925628705,591.9227945553192,21.72481153948044,185.68831967488254,84.34512855169325,0,1,4.48
18.705265069603033,760.653766696679,25.21014745364669,137.55613685258513,40.06109226499728,0,2,2.78
31.799138614382183,667.2473704661476,15.504006561825205,158.99198591527355,49.57641315482832,1,2,2.92
31.85972068266429,1111.3311705358592,21.9240597901892,126.00661778751383,46.18349844548872,3,0,15.69
27.020846861700544,646.6598311964133,26.560518580493003,210.60306627814148,54.19996140724811,0,2,3.28
4.969343617693211,1191.373816305644,16.292049778991096,210.79942460710146,46.553144782847525,0,1,2.95
41.847473531667276,1036.5674535196054,26.2952017758128,183.15942901960884,61.78181021849939,1,0,6.08
16.378613216100923,329.3615657930694,36.32354446374383,44.24231680118632,56.48151228805455,1,0,1.07
9.732666264792785,1123.654736108308,17.42404401647952,212.93638823793583,94.12701690065623,4,1,35.14
2.5183695069608136,228.0030376740237,32.5821367457366,174.33298552256926,33.63521275833467,2,1,1.19
29.74920068781797,999.1946793403107,24.42243422764783,180.3155581809889,39.24178946517786,3,1,15.9
34.03943591119298,518.6856228242381,30.068995434059772,103.48605329289047,33.43368310405916,4,2,9.05
1.3210975319288796,1065.7717524895766,20.985441753660275,222.23429791611153,70.67967767385443,0,1,4.96
25.84860638581441,1054.8623591181954,18.66832203845124,186.8354680540172,33.543103031891775,1,0,2.87
11.71154087229793,986.5179401293833,18.690640128238208,45.895807301714726,84.36858292944802,2,1,6.43
32.43605312526777,969.0334799377675,16.621314749792326,113.78894791341742,63.276010994325304,4,0,21.65
9.131138235747077,435.1470530078449,19.26987421272859,223.86748325083258,64.2554955977997,2,0,4.26
34.70141803607206,189.0112113563774,30.27704585474627,30.85524139039717,66.50364300129263,1,2,1.12
19.643399641876602,543.2781966416776,35.278884072400686,241.1258225176714,41.1028909099037,4,1,15.32
46.86813444246836,290.8769664851595,33.72489076859672,176.20739071349945,42.849869702441694,4,2,5.0
7.307286735226666,864.4461977927078,30.758089127113134,165.2164748579766,50.7231259867453,2,1,4.14
17.382784376987797,480.7096991915641,17.539932858455362,82.22862899223801,68.57726702842035,1,1,2.58
6.116939301409159,1173.1712209459065,21.651311264806846,77.22211141001073,43.65765543611394,0,1,2.72
46.27233410478886,805.0692850798653,22.125558132416785,236.67339048237696,37.56156226366198,4,1,18.53
43.92829799235856,1004.7286199977971,20.74900976714529,88.60266447384824,93.0575976171981,0,1,5.61
13.268110571900202,245.77714001603326,26.845130173323632,198.36621824536985,31.42881796262549,1,0,0.8
33.169210278691864,1048.215930499885,27.317737742232467,110.41801358762821,82.1753313468414,4,0,39.7
40.952498909960184,1115.032909564734,23.208377428935535,52.02843628048191,81.22228472237643,4,1,37.78
27.982440174173384,635.7681107008295,23.13715065093803,22.464518469932557,49.31891739993124,0,0,2.6
26.71770362862232,766.8782315260752,34.05677875183987,145.17918751350769,38.81573004047537,3,2,11.93
12.471688399572358,941.290780993295,33.153735511352764,244.4291282662545,39.465862035852524,0,2,1.93
5.108587006392011,292.3224899864538,22.07930412865715,104.90132457611703,75.33305512041751,0,2,2.09
44.912180018689675,652.8226841097867,36.017134209084965,102.1542368184003,71.78242842060129,3,1,18.22
45.070693829584854,538.5293305495444,36.914745391057636,99.14107210537168,80.87846882634014,1,1,2.81
31.838522135026764,261.01139137847406,22.515078466690937,139.72508258011743,90.9362762059418,1,0,3.03
17.281974656910684,504.2878645206846,23.151773822240262,121.35292318758752,74.97527861232848,4,0,24.77
17.785873943326713,174.98954032404293,26.629585528705054,222.38036414721333,40.13034987584383,2,0,1.46
36.43480610407685,128.39309764443567,36.64577868827449,136.26978209640276,45.82377008975169,2,2,1.51
44.906957867652565,248.68291807030505,35.155346962273164,136.78430278337083,84.74259250675244,4,2,8.06
44.410778001123305,1159.4266227480912,17.359063139422567,51.82546678572802,43.604894929223555,2,2,2.57
39.10383951995238,704.4824894845186,24.032807095242575,246.03009440938877,34.713950602041294,0,2,2.41
32.28056648463725,1162.404377268542,27.727537364244753,77.49376489983084,75.71320351274628,0,0,5.17
4.6649282672549175,575.7476661631451,26.57204686868542,36.87373551570862,56.164213106859236,3,1,15.2
8.500621347683381,442.9977463937855,19.45885056254853,172.52363726429803,89.80260341548373,3,1,17.89
44.97843233209042,656.7560491242685,34.75278573686756,156.9342651360807,72.266579621088,4,2,19.7
30.518238453149703,583.4628574962012,30.569638008927257,115.48350041833152,35.87723355645795,4,1,16.34
0.9552540550231676,216.23115268791832,34.27189262159148,117.10421379255595,91.61067687148795,4,1,7.74
5.522841371868589,804.9089461592268,34.75157842503786,200.56470184067916,46.806222136615986,0,1,2.72
33.34333757084876,337.64200076055954,32.21218463431201,65.01390722291929,51.918811876408576,2,2,1.89
0.750548400387825,781.5467503876125,25.101843828743498,208.65826335732464,56.14692688943023,4,0,35.33
8.459998545166183,815.2212016379688,29.042575365354764,169.21183619585418,33.32957926628036,4,0,15.41
27.662322573646012,267.2273384415129,18.688404340754094,116.3630479692906,62.27350244498932,0,1,0.62
34.74881228578832,167.48458982173497,30.493844601922877,125.34658181428978,38.015701919894,0,0,0.58
32.77208234537873,958.8377446752838,19.122824882003457,79.02885765280203,56.063071234742864,0,0,3.67
11.60133081829771,605.7804661462521,30.960840581733606,192.9862965203042,52.796136219485476,2,2,3.8
35.752871456703026,163.98017505602337,20.28075769734128,137.96119073021157,80.23460542272272,4,2,11.41
12.243829831091604,1194.352948886744,17.70367990345506,93.79654483246402,82.20608325612753,1,1,5.52
16.607285058883754,163.5586170960033,18.801543273288022,157.09152662501856,39.97183735529072,1,1,1.4
37.4513245533422,864.5387517444085,15.045819110038616,249.0189239718043,53.82582717964971,4,1,20.82
32.65682850283713,1182.0468177897549,31.531011210631195,120.11032432100738,54.26795546706906,4,2,17.57
42.53655881946181,363.09811463751817,31.845224128342718,231.7590221790825,39.84167885584553,4,0,10.08
33.05183816886699,256.4743055559158,26.843467048004968,99.3538731826502,81.89947782832738,4,2,8.78
28.631275865105845,233.52343336467177,18.711344424273825,32.588522592746756,75.96984134180252,2,2,1.0
5.136901007490578,433.6026623243551,16.921749762745865,66.97568446473863,42.37481610930726,1,0,2.02
18.70193225144196,211.15039211171137,15.439966228057601,116.29988296536737,53.836924058596935,3,0,5.78
13.62751720024541,861.3774758635451,18.812208070200075,70.51603357675087,36.877326615673425,1,1,2.36
12.577487347264636,168.52097794306894,35.48967730461237,20.052218790198772,70.83342881104785,1,0,1.25
48.66402246024606,660.3643409647686,20.55534735913868,230.45035368193126,37.88917509566028,0,0,2.46
19.95833737100464,1196.3665392382745,23.14824052599596,214.0922645831137,94.08572096061965,4,0,55.59
44.65630448126711,995.3672964566207,17.422946143070664,190.72721324199784,80.74433485471104,4,0,34.12
31.74136198686451,776.741382054112,20.114310009207916,58.597356998586584,55.36550572295968,4,1,17.29
39.8431595253116,436.87898286527286,26.94216512794472,47.683622528296794,67.60665559815803,0,1,1.9
25.38053610870701,786.2854199208023,28.978311711200007,35.549092378648126,89.23721805406657,2,0,7.62
29.056742289004777,679.7456103028168,20.643103225822856,186.52671341777187,66.0164532257287,2,0,6.78
24.879625844033765,568.6917222794086,16.327839662177695,233.6258309582136,41.34240161586709,3,1,12.13
10.164527896003202,243.78141441421943,23.99375598993017,119.0232388099985,54.615718112775355,2,1,1.86
36.26137970544451,1075.2646367645134,20.386677531305686,47.40235455909108,84.80441622693345,2,0,7.09
14.398231940822361,594.7631137034548,20.049740234285444,137.8503487683845,71.87384603932517,4,2,18.99
1.7036403383569652,314.08476300284156,37.07684446240947,100.23133871548492,72.29708498169703,1,1,1.8
32.45087864740481,504.5352859650186,29.17491117629165,106.20973260049948,86.3433965697518,2,1,5.62
9.266978630648923,555.5427277818197,27.808204192958208,162.9060435558127,88.1082487350628,2,1,5.85
47.052699925469256,1010.2916851235617,24.562827381036406,185.30516605030655,89.78651716566335,0,0,7.16
47.71946456162807,906.9758186175422,24.86571966889332,45.438827740826994,36.165197561455145,3,0,13.23
45.7857873159122,946.2353830054738,27.44081508827586,28.18575308548957,65.36819012760157,0,1,3.83
18.822855662644496,112.13439087151194,31.017885561830468,248.6959696177144,78.1331188791907,4,0,12.82
1.2651025181789377,557.7693979977377,31.149360212182078,73.52752025057691,79.2002449332559,1,0,4.35
46.45176884809241,629.478566798856,18.94895987722534,32.381020728945586,69.43655312805025,3,1,15.9
21.69511534170706,121.11150450536235,26.50259329776242,63.67132569206159,40.84117678693882,0,0,0.76
48.349413542661644,385.7945296195376,24.475036185784347,28.960304660146768,81.83233600620818,2,2,3.26
48.19918886591802,936.3188054343485,35.02212022419584,110.11650576194948,76.80723667847147,2,0,5.78
42.72396804563432,250.82067630189897,29.522635188022655,204.5524104238046,35.59882515068736,3,0,7.97
15.075220157444491,688.8411445978509,27.24759352756758,98.48622344427574,60.14763860383446,2,1,5.04
19.5623375657953,336.72205921896125,17.6540767701151,122.16218358202431,41.30853096891723,0,1,0.65
42.63126524008442,113.3328521082826,28.929671454438463,175.3849579205109,51.93600797134317,0,2,0.77
16.187639255235744,365.3216033594956,17.695689830645367,137.04563611607244,31.17527099336955,2,0,1.55
8.889890960961578,1173.461130401059,22.755751238012298,218.13250778490456,56.021441446699285,2,2,5.58
28.06166249168833,981.6908230712886,18.28536519072963,219.188205260524,65.74199987515368,4,2,28.5
46.839661320958655,1155.5343087531367,30.917693881560485,22.279459962965337,70.27286853376064,1,1,4.1
34.953474935411165,636.6394483189987,19.74379861823151,198.9506504911358,73.12687243336615,3,0,25.35
28.718027919423566,220.70981854525385,24.012765583324597,125.96872805558499,84.3589353516599,0,1,1.69
5.310236441653043,702.7554378710622,35.60051988523191,247.4333244998425,44.00508897292245,3,2,13.58
30.942857721608902,599.815068015957,19.699276818176315,131.1433774513501,37.83131845850042,4,2,13.11
49.50766558016103,1028.7927910135777,26.67951647105192,246.9860674393084,85.34991617336516,0,1,7.13
7.43415875420794,207.89083886266906,24.643248206818505,193.5509530773194,40.17983296802224,4,1,5.23
26.157317792004967,637.065250723956,15.416852944051783,77.17912346106046,93.35940528685269,4,1,25.52
43.929967060433796,265.0535311633827,33.23343661217469,143.83084523600027,84.76498491091141,2,1,1.72
37.16804657883312,457.143519579066,16.588055845235793,248.19119708007403,62.55697938282395,3,1,16.48
35.00227917926576,911.0927851265797,25.907865482469933,217.23203978294245,93.79239261993163,3,2,34.51
35.27296215736191,623.6199423056432,27.89560078359585,42.39438557198085,36.329487392020276,2,1,3.06
18.29481198537788,513.4771136603463,29.4538085021355,182.4655592662991,49.6992744763816,3,0,13.63
15.03279629109242,533.9239064270389,30.83852747408114,99.483304750287,71.48458697763974,2,2,3.88
40.56337719618642,605.3914452465854,20.825264821022447,21.605920232480067,52.75044645075662,0,2,1.98
40.60061303661945,963.5181982207625,15.229511863144335,112.8006228762099,90.34421587875147,4,0,35.14
43.42007976971513,1081.2931578342577,31.639204234162975,73.9935169967434,34.26569573155814,4,0,15.14
45.70540735154533,1150.8681551543211,27.320101784994307,208.33993221970846,65.7117690839627,3,2,22.47
25.81144874361642,965.5937248808247,34.23070717376672,97.58604003452606,68.40630738068245,1,1,3.88
25.32505658701638,446.947585322814,33.89193234671597,210.33044960937792,72.42732804551957,4,2,14.38
40.01561135885537,856.9481766951964,34.396501859121315,20.13752593200292,46.61830451656794,2,2,2.98
32.67321457349937,581.3634364609311,26.157177179529423,90.7984045060074,53.69681778879119,1,0,3.34
35.247360424256314,380.1376842506563,22.673453104247912,75.46799929078524,84.83923442822355,1,2,3.03
39.891737137087,1024.958737368515,33.20583865960151,73.72049304578053,42.67127998306039,4,1,15.23
44.55526441996953,142.2689838585575,25.379764599672864,35.68292254605642,83.74641006626854,4,0,13.96
17.230760264151023,1091.938191348966,19.219170517278993,63.0385821944154,66.57260248867826,4,2,21.62
19.09135615567723,607.6252110872076,34.66440244991391,147.77640107369257,79.54218822761534,2,2,4.47
5.152106022123015,800.9216244891085,35.29887716576398,87.01304675268123,76.38447880712565,1,1,4.8
29.12486697931061,825.289314426361,25.725124391223915,116.00079993570402,43.488247200017135,3,2,17.09
2.2791425529387332,1084.62951477719,16.74109372812511,106.67938247985336,66.97282786820173,2,2,4.08
23.54710189755678,800.336650383928,23.92000006808942,221.45813274997576,86.40200493233101,0,2,5.91
27.36090941802504,775.3269432360679,33.48136616763988,228.21876977241857,58.08755539212541,4,2,23.23
14.683791980350078,173.31724461675896,35.74080265656326,133.38010348084782,92.82840006451559,1,1,1.64
29.746246398166033,670.2488241397244,19.679873077444704,95.93586857258902,59.393981506611674,2,2,3.86
2.009762371982947,265.1859008987458,16.540393076581246,44.56416192054364,39.28106638341251,0,2,0.86
2.3487353430861138,911.1771455936341,35.17906042205529,239.28266225788184,55.313254205048764,2,2,4.53
41.21872775265308,663.4441128939419,23.956313596514132,33.85219732706841,91.86065641538491,2,0,7.23
18.329436749857514,848.2505571291887,27.460502178153956,88.4595638407045,50.78185520709053,3,1,18.68
6.789495376268297,145.8401906626227,37.265513677167455,88.55522626910096,86.42638039135909,3,0,9.41
26.351041372712817,193.27121765038356,16.530988742027127,93.69229581224943,87.28129430932285,2,0,0.79
38.614680878381236,887.9557268689505,29.911314171398196,57.78597395265413,52.76212408157747,0,1,2.75
11.183140861093737,179.2927695985407,16.704424719221944,200.12712911245035,35.41174777329109,1,0,0.53
31.33307855304051,178.38240054178448,23.635785354729506,48.17450825217752,77.09626409532319,1,0,2.02
4.724699517191516,113.31932275837619,33.48773453944928,166.02853160522744,50.24829943590909,4,0,5.73
3.058245197846081,1152.1515381294282,24.969861353379592,48.48458614233802,80.8900349267422,4,1,34.2
26.802054262623326,911.2591954049076,37.93519413976786,36.22319664638,58.77256513692815,1,2,3.01
27.261438519700274,488.57654935227055,27.858363553771852,229.1687858477516,61.5423382522704,2,1,3.71
32.052780124161224,426.18913941642074,22.386729510626928,63.729616253302304,80.56411143865489,2,1,3.79
36.44152101927175,484.6735527204345,20.062560495809322,208.887535548732,54.85361651900581,3,1,15.75
48.80467793339546,952.1188842993,23.06197228858172,145.26510035464122,58.803277445989444,3,0,26.13
26.056867240909167,827.5076721774558,23.56826529646967,37.90699951001701,54.45238047002544,4,2,17.1
16.486345410591674,303.7151246542147,16.580414587651102,239.75308403075553,53.877133493023194,1,1,1.47
39.86171664105083,291.52026886749275,23.500206586815782,76.80106840813528,64.18652749859487,2,1,2.24
13.906196437472675,208.23521468473706,25.677485954002172,217.7184294310995,82.57196389257479,1,2,2.4
22.229085324928988,826.332991671472,31.622968301492506,58.82630133044976,53.51494027496678,0,2,2.55
4.383590876442165,940.8099284439095,30.104778148596985,216.40686289262615,64.07655683495288,1,2,4.65
1.7548617990651467,391.55107115750445,31.30161007027055,23.04262696821762,73.59727615376906,0,0,2.04
48.15109652655729,123.0394571340041,15.192364683167714,137.70950501098054,47.51356400973758,3,2,2.16
41.88101596535419,190.38883422407008,20.00635019035233,196.97179326695806,48.03898231865551,3,0,8.09
34.95072320163805,1164.6460383295334,30.2187386331967,235.00296902334017,90.67185325652457,4,1,47.3
20.74317074850636,424.9892552251623,26.131755468134184,229.116491327492,77.02974726652076,1,0,4.38
9.078068843506866,946.145462621947,15.122209940371956,208.51371999595833,67.51713395451507,1,2,4.32
8.243633612218758,787.1299257396902,33.50337677593191,224.28401042209995,72.10180353733978,0,0,5.23
12.88702345914747,520.1336036181855,32.77462018567776,65.82052774252759,31.904463801722194,3,2,7.14
27.686719902952962,326.2559884151106,27.613640748851942,85.36238801369761,70.1766927615103,0,0,1.88
35.872498173653085,233.52505997534706,16.52865649285426,86.46276073184346,63.11807675957312,3,1,5.51
33.1797701475277,776.5142648427533,32.62984613924945,106.72240413039073,65.47372918566332,0,0,3.71
14.35672789882417,952.0971587015667,28.42541251782137,110.4637541885934,53.36254874400311,3,1,18.79
47.765831392828105,808.2946788952437,32.98507947463306,145.24772467057537,35.29580335134122,0,2,1.99
37.02589737644054,683.3323465740741,32.29018082510433,56.772345574281516,42.56705018478339,3,1,9.24
27.940525599314334,146.1463457747999,33.46904765503025,178.98673267077754,91.79840635882366,0,2,1.22
30.780176938600437,1165.3376553538221,26.914185527306373,58.540304040036496,56.565471547610706,1,2,3.27
21.2702030901756,978.585610820032,18.227463918450844,91.37095088404594,60.33440512900617,4,1,23.48
12.762683980307294,422.1042403710612,30.43662188773284,135.7693800394154,33.42613634047353,0,1,1.09
18.12064759323745,1177.9673622947357,29.270897056195324,203.1813291503998,32.44180492035874,4,0,16.67
38.01338246798627,762.0697485999543,32.071823305579,190.07792364490726,76.61679405803925,1,0,6.26
1.2124776871729155,740.6649240279711,18.90726313916691,168.47290197442013,64.97615316787224,1,1,4.2
6.245595705092354,922.8804973724854,19.48442959770665,55.82784993343914,63.06588897405733,3,1,17.03
2.777130780076761,992.9467668991513,35.47941889604456,145.82042949158287,45.803094477473465,4,1,17.0
2.5160757147890216,822.126468064653,32.24948936439763,40.112695413973654,78.40879755594494,2,1,4.68
42.845298908544855,240.90532100282002,35.88925524010743,106.79353066322967,40.935377642051975,3,2,2.82
35.33106403931117,472.0942565939482,32.45045238677018,115.1088019666906,42.3457583379663,4,1,15.15
23.971604539822597,1120.8920043586547,28.734572037776942,29.156631072523382,59.94629113763791,0,1,2.79
5.342790952224573,347.0771730282371,30.045052951641097,83.01726287809352,48.60819103727616,0,1,1.08
24.8349858182832,509.3837262212647,35.449942250620225,239.79937747129256,46.08509378015451,1,1,1.31
23.936852653638002,575.2845712386156,28.312555353774634,239.3354998008286,71.94044689596656,2,2,5.09
9.073492560545752,583.3454886638974,29.54500045955291,101.03522247808404,72.3131634392054,0,0,4.15
21.975656637279666,774.2335407439781,18.598964468082812,29.913025058114535,83.5936095369954,4,0,32.49
20.225984352669986,1137.3834215191785,25.900188062670363,61.19183604548176,57.15105685324343,4,0,25.18
30.984579853584716,364.76198301575545,31.477133575036277,110.21009248971423,34.750530916699766,0,0,1.71
31.93713571794837,233.65151393100987,21.231682061276405,237.98933053292285,47.78831501989475,4,0,4.26
2.7425484837162037,317.217538845931,19.6518461520643,52.475784613552534,93.7003551077931,4,2,14.25
19.043324424010326,1075.6173902301964,22.218016589161557,195.60864404368883,68.75680739012563,1,0,6.39
31.480065827854702,810.3918939207266,20.55451444383517,44.99698405617917,76.13291051206632,2,2,5.38
25.405244799714342,414.4974681630761,19.942990651837103,245.68924279999368,30.478258925651946,1,2,1.59
42.896247138821956,997.541632865479,24.771569385966,107.77179479510104,63.68337259186386,2,0,6.07
33.105334765137776,1047.5069959997795,35.88028581932129,198.30394394678288,32.4393627395672,4,0,14.33
8.565254140530769,1031.1657725593059,26.66237187499052,98.79594904656032,66.99996378594412,2,0,6.69
3.9931529963212773,1110.8191870035098,19.32216875875243,164.363841746526,89.85010522634491,4,1,36.62
32.29975427121262,377.46512219069774,16.770348395760102,64.16369949020844,92.94724348252652,4,2,18.9
1.8123098718102797,930.5461216209061,31.01159133817228,53.584834438301385,65.13592390028006,1,0,4.42
29.495891273036435,606.5934470015541,23.80437158203692,235.7547521006702,59.78331234139404,1,1,4.22
47.0413969505354,1026.1984081790677,33.90211177146327,231.05887391801969,91.42611112615211,3,2,28.18
28.985971804856007,901.3397448777745,30.168747678737716,224.11785624896294,73.78463907978518,0,1,5.0
19.714411347222836,954.0921911496971,33.31355336245147,163.8496935383165,34.218453169996614,3,1,15.28
32.342766812896485,821.7780214491787,21.25475890662432,205.901688579744,60.27216254838734,3,0,25.63
23.183518079330074,295.17164641667756,30.924255216604337,35.87849548961623,45.61592620017976,2,2,1.41
27.50803107113878,699.5296107866321,21.07342564795553,97.00147963485621,60.5372808941643,4,1,24.32
47.102508034437996,1183.1367134769591,36.5985750273567,92.15171869414593,59.60526218041351,4,2,17.67
19.612080571138325,1131.1268731468308,29.63660847526761,166.19842404910105,67.83941218295823,4,0,32.31
48.07893290928375,147.49110937671284,22.46377140403287,101.87028789824731,53.19008187270133,0,2,1.12
45.31485677682515,281.2962973023808,21.19877283272227,54.156559778046585,40.67757921463532,2,1,1.05
10.191661172070173,244.9016508000181,19.3913114566478,157.18742734511505,62.741763248347155,2,1,1.57
3.93338439332069,898.5779009838251,30.97674205455574,207.30830175388874,83.96318748247452,4,2,37.86
5.4885110681826195,999.5638628426395,20.030459098952328,107.88840372579384,73.16079482439415,3,1,24.06
1.4019803697517115,334.8625029417391,28.691975116332248,50.42180447265079,51.99391128513903,0,1,1.63
5.1749265574184555,656.4379622470119,21.08660561928322,65.23828538194931,90.80899647932571,3,1,24.23
34.30883528410966,1024.77333081232,30.225285730258978,74.62116018895831,89.29349213119684,1,0,6.0
4.023838098781335,906.0816992428756,33.7436137564324,88.97644638874333,43.60764595996642,2,0,1.91
16.289293699541183,696.4609260410331,32.894580592327024,167.8428662164511,32.56214303282359,2,1,1.57
42.321327892988,749.3824595046502,32.49958061140798,158.21746144367538,78.18506604279955,3,2,20.45
1.6519608189233803,659.196601607908,19.317615330921797,180.098368160419,83.79466698769497,0,0,5.07
40.81618988815232,427.30329645070265,17.03285378064393,103.37545644224802,92.91119678683809,2,2,3.18
14.451811351283297,721.5241921449177,31.07582305520987,209.51945993239502,87.8393656157402,3,1,26.36
6.349158967271984,857.7738322550997,23.471985917270082,66.94016206582486,69.03475993341696,0,1,4.15
34.98848968552546,1060.6552074468884,24.943963207276987,127.8793719291754,64.45340204880475,3,2,21.75
31.63267091560426,799.9204893771729,15.716429134247994,204.21590595452898,31.80966833206811,0,0,2.22
43.93486466958912,937.2336907474738,20.970258333326132,61.436488978502425,46.03266904491056,4,2,17.82
36.88601666829235,276.07879845003026,15.774557289112673,45.268516160380074,59.87495886264021,0,2,1.12
40.272306054050006,607.713221861769,35.221272769828694,223.24731256823765,70.8527535054319,1,1,2.86
14.460711342279671,110.26478180980263,20.5981237140262,98.87382243461505,66.2213691656967,4,0,9.23
9.28325741709628,371.34675097378533,27.818754900179187,177.29012872907737,78.27133932930988,3,2,13.44
37.65543020622249,899.1078866243054,15.896524375205999,25.83017898070585,48.18485050765766,4,0,14.0
40.43831959372957,1190.9909464842997,30.337490000030137,178.7107843341734,66.72191949741077,4,1,24.76
49.53000452903333,209.0959095459375,22.42962895234416,92.70330165580322,35.72924582040149,3,0,4.0
20.92457500711561,541.6437474474171,35.652141300026315,32.8203963251116,56.88825903290845,3,1,11.65
18.914895246742766,980.0780655690754,35.426718345482826,160.25693515606693,78.76045414204907,1,0,4.54
38.93244155672885,324.43919809178874,22.481684222320197,75.38487769682985,75.07105547288786,3,2,8.47
17.369775242524383,710.5934442325149,35.722100600880765,108.9656656719324,94.39177791619163,2,1,6.01
46.57248761737645,906.3784256326422,37.91162649047192,38.53358682589813,48.06292318920414,2,2,3.12
42.99143121622908,777.5839952861969,33.98456027485081,53.847547751837425,62.382304446308645,1,1,3.42
21.73520435506341,306.82720807695773,34.43204099837027,88.53476416404406,51.419476895309785,0,0,1.73
37.66811785567912,490.92302555431337,20.727200930509067,40.644685128836144,58.63920241384636,0,0,1.63
37.84987226719178,962.170962933937,28.264155173728398,229.4900408778525,85.70175844151024,2,1,7.85
5.604631507378664,709.6491655452182,16.54688602124946,21.390819932315036,74.47358988725162,3,1,19.44
45.17636888063855,105.75257489720401,17.183112546898403,131.28785033879163,87.3586774375928,1,1,0.89
25.50999243616893,937.0898360309033,37.97453007676569,48.34691537048683,43.22822204157262,0,0,2.12
41.409644572333214,138.84249043426297,22.51270273679595,90.76619057992816,86.76847265969347,0,1,1.54
16.34245525101528,920.3071610043554,32.208229977123466,232.99369875820105,33.884547821594985,4,1,13.2
44.828399810561926,322.72861618176114,33.55329621961678,57.189747253016975,87.75895322841491,2,2,2.17
19.765483097341075,1153.8808281313181,34.73453523316627,242.1414335352165,51.389795664947314,3,1,15.26
1.0364637482747687,504.73482643229295,37.9454508402496,67.33270670756698,50.44819617191432,1,2,1.45
45.31640783275355,459.624777971887,20.554419160907962,190.5602049473708,63.28575748541316,0,2,2.37
5.018690500913611,263.77685536568913,15.928069017773094,145.7357709263817,91.14486220201007,4,2,10.08
16.30602506072554,436.16463703923637,24.45740491387548,223.43010734725462,33.10578870429135,2,0,1.97
47.52806736901484,1064.3158380110208,17.99185540606578,147.41844876572011,52.895013379598446,2,2,4.24
47.55505377340903,1195.967771389972,15.515795450727268,142.94862040595098,85.67717926441682,1,1,6.11
28.885175462102662,505.1404835575332,23.28981702425418,64.95534008473197,55.743541033305334,0,0,2.32
31.775942002405063,593.4716940499968,33.02597977473044,58.232753271881506,42.94519834380935,1,0,2.44
22.69805333792683,894.2780320230107,28.022155898176628,230.79250475656826,57.61162178654176,1,0,5.17
15.013933199054195,1074.815358511582,22.193893751838143,95.40278573550783,55.0609125969585,4,0,22.7
16.76889499581084,752.3487676054625,30.049866126332553,105.57891864146606,89.50205309533573,2,0,8.05
33.7896635758134,530.6782679956123,20.33641814710265,194.75944143852934,79.52573442330132,3,0,22.07
37.74253920716516,553.8840249334861,15.330773259657956,97.92940095724569,62.83251112336041,2,0,3.99
39.6831626644295,865.1799611464876,32.58012788803783,238.97436272697064,94.24408683690213,2,2,8.74
39.586098068330415,103.54008996470655,29.34609095187221,189.72338686972407,60.243039532935015,4,1,10.39
5.014702100910173,781.5482712058248,32.53296036352208,157.4087257918866,33.78545900331789,3,1,12.58
24.973805082777783,491.04231148549314,15.895574383816308,222.60588692529308,47.04783091797402,0,2,0.6
3.349158620823892,973.6170644047927,34.253751440105,31.40935892038103,58.34458121425532,3,2,15.03
27.70167967502491,202.28970380544536,29.249102600834977,79.12441920351802,40.19867056949781,0,0,1.06
22.35575981798216,747.0224936432296,27.958093066390724,126.95835687080928,91.5917332110628,3,0,32.56
44.44135704653584,629.0701788747361,29.366123106634227,72.20506407844984,79.84517835815525,1,2,4.11
17.870293121327894,806.5580784957501,34.88196467797238,191.09819307949493,47.43866802780522,3,0,14.85
6.29481731316649,171.33895393126517,28.499539650854864,231.41784714235678,68.40229467866453,4,1,12.73
7.578088261615375,737.9821661709444,28.361858737428122,117.46712758411238,76.89419521212218,0,1,4.23
38.19477627001488,717.6330467554761,37.785620612512616,98.69049802573583,91.18313037894187,2,0,5.52
31.101794134154922,716.7261038577881,32.404793842577064,241.15666839164024,87.30629769640169,4,0,38.86
5.5055724680781175,763.8364332561002,25.172757525376113,122.31605955033439,63.48749469898389,0,0,5.41
4.663286902692373,844.1147309489985,31.27013100075734,132.48113210333514,80.35242028654613,0,1,5.03
35.19797200722644,985.4878996488467,23.952300848911136,100.87947063863824,66.53940899879302,2,0,7.42
4.1017688150275795,396.80279214103575,20.264135637120475,229.19614879279183,65.9257528529601,1,2,1.94
41.182072934872636,1007.5543511980683,28.727593168418466,150.85976115482566,37.458227291982475,4,0,15.63
35.458990244246564,648.081250489799,36.34818825662089,195.30015505177826,38.19894777104989,2,2,2.9
4.526764641774038,184.7641070477643,36.37020896035564,206.71554522070386,64.41968497645973,2,0,0.9
4.699466847217,164.40602216837712,22.863821396426278,98.62527964096938,47.476000423635426,1,0,0.95
49.338659135808186,467.6621505656669,27.136581723098985,119.7496962036874,31.367398659930462,4,1,12.88
19.026404389927954,963.3866748226143,19.867625667106807,215.14850811344087,76.9845482535138,2,2,6.51
18.8467862798111,878.4490282150074,37.89951551847432,103.54873088543636,32.11162878486072,1,2,0.94
40.73357857924638,967.4764611396471,37.565711880962525,202.6050806939258,68.69299467176354,4,2,23.57
47.388804580501,668.9959620857703,29.93870538327129,236.42823419212053,65.04759661827543,3,1,18.75
49.307052659232106,584.2188977510395,33.501523372581886,163.3383858056416,92.97295488755728,0,2,4.17
37.79222017031761,262.1977793769123,31.4473037095251,190.57427611393445,61.47385405759671,1,1,1.21
19.12484948378033,461.0120289702427,28.64263903790777,205.17238176946103,34.134093364556826,0,0,1.2
4.633285476584104,577.4213027912629,16.227003930744647,214.35911924622778,65.85971790742,3,0,18.42
38.96877233840812,197.46047264757897,25.459579878711203,110.86226770706307,84.6712510900466,2,2,2.13
28.14101036192235,342.67314798233235,30.520084949850443,31.790595610479578,94.7952034782936,2,0,3.44
21.498989457725326,758.0478234701127,30.583227119324746,112.4315423844501,57.972306289789714,4,0,26.04
45.36454206218943,909.2294256631088,23.58182022371482,174.96393285034065,50.819418262288266,1,2,3.98
6.004275374154491,1198.1822625322445,36.6589156931347,123.58058872958235,88.93246430187993,1,0,5.24
24.884942662397528,1126.4246644779134,18.849211741445963,192.26152469789167,42.43073838994789,4,2,19.25
1.0620054159872439,806.8217194887106,26.508267262957894,102.1059587777927,70.00287947714023,0,2,4.02
23.69870177870925,563.3728586234793,30.890331460668925,165.9911524539268,56.371437571761604,2,0,3.54
3.287012146250949,799.795101179056,31.03412353551161,62.87655511641415,32.670353722111095,2,0,2.77
6.38148685526956,964.2167798882551,29.918696005682758,192.3549704283401,52.573750829870356,1,0,3.83
6.317549215466691,230.16981001572606,21.331628909392784,145.51007282699595,47.23985396267385,1,0,1.38
32.635909954745145,550.8953786659171,18.592751079792304,66.93480936571814,74.59592500632664,4,0,21.64
37.429221523638454,1023.7825141991789,29.62662751701435,87.13956990449567,91.67138234997468,3,1,31.69
29.3767538723094,522.2162471263484,28.783948671207067,192.18000297382144,47.42306717961145,0,0,2.24
48.12754114948982,729.0594983499052,19.12518823665254,130.99828420214976,82.74528604485931,3,1,28.14
19.056093686423353,746.546296948418,31.218200348122956,69.6872312904066,33.598388100996615,3,2,10.12
14.642748270952106,302.9238784470033,25.468955809874096,242.47237378516846,64.97786565258787,1,0,2.62
43.495656845378285,498.4589858175172,30.358493606872518,184.47875455788423,34.58575414114315,1,0,2.57
11.567994006712906,467.9624176161254,34.25944283471347,240.14101148415313,90.71214442349157,1,0,4.44
48.17951570231026,128.81637938527126,18.903753857269233,118.23416043287894,79.81283323623036,3,2,6.63
1.101646497145909,126.61094028049077,15.440331963927244,129.2730783590957,72.7667442282985,0,1,1.22
48.50900192202813,1014.8667480433508,32.919359487103094,226.5296997225544,83.55326480560318,1,1,6.07
2.6364156415535174,400.37789097009363,29.023040778510165,140.76134825643845,72.0887867120606,2,0,3.81
44.61158412805452,669.8866428626969,31.0917101013088,182.67414973830344,92.98138581632892,0,0,6.0
26.621204899771843,428.59813094765036,34.27756442473878,77.9997618239719,76.40726661121015,2,0,3.21
49.651757407905365,1134.7471696268747,33.46465150096351,122.74708780160732,90.10280962284604,0,0,5.41
4.152929954402244,385.2264347523511,37.101163379362966,48.393469136381675,63.61357298069147,1,2,1.81
27.915787077865378,572.6224940128286,27.32650681359872,67.37540825170119,37.60918684382107,4,0,15.08
48.4804755131454,1060.0032755330622,26.23539955117782,20.21698551155515,64.33155189249612,1,2,3.93
26.393343286422365,1026.1269234709894,24.24340559748679,29.030961879191853,38.246733824101064,3,0,14.15
31.655232587695494,304.71155963090507,18.534893985416705,244.77527933069373,68.51207614646633,3,1,11.62
34.93956010473855,982.9076407752815,28.169966356286515,75.74134988145533,61.36204893429809,0,1,3.72
22.999782706004776,604.0055754116819,21.371288059497513,172.56146318592045,70.4674008591308,3,0,19.32
31.56412496416114,631.2657592938907,36.19007278089843,212.99293072391066,30.653053768564053,1,0,2.19
29.42355844019346,246.82796965753815,28.413388498373244,146.65190562440978,42.664631957598665,2,2,1.4
45.10732151930395,188.66166513283713,28.635324151686532,55.223235019309925,61.93647807428851,1,0,1.63
2.7495958269021648,900.7332376711418,23.16326720017123,187.46678058731825,91.78273150329377,0,0,6.88
14.407677884815401,646.1072675908297,16.19575509548727,158.0578243229041,54.93458762308529,3,0,16.18
47.54536846178966,580.5357728766976,15.730106603578738,188.18763554989627,57.58418169348626,2,1,3.85
44.56805730260036,902.4590515176365,24.736708315523543,197.04172325713006,76.45524578543044,4,2,35.62
23.055009262892792,942.0641888902207,16.94500369623647,244.34438456749137,69.24652922359766,2,1,5.99
31.19656359117607,274.79898443628895,28.957479977423198,151.9195544061433,49.43019975639166,2,2,1.88
14.230368557566068,771.2476644254054,35.262379129712116,98.57745591883842,56.7030657118828,1,1,3.02
9.811997406326185,248.8894905054541,35.30704077993061,169.14684808705454,44.15048692572011,4,0,5.36
23.453071044529118,926.5125946319503,30.158044433041347,35.741363125804014,92.79139484346356,0,1,4.52
17.990935287289613,822.6506718938534,19.858332123877414,226.40138321396486,38.49123480122839,0,1,3.23
29.390977536618166,1152.2760831918038,34.84892712125406,47.45763260778526,54.16939099681726,2,2,3.56
4.347864529766749,175.85381799206328,35.38014901220379,95.4038527137382,31.679533194300728,2,2,0.52
48.73254297947524,162.76019326637976,19.52303245391805,207.62143754400782,44.415666975680516,3,1,4.31
49.317431851740345,410.40578216252015,31.960799972725578,157.38184701606372,80.73062399471007,4,2,13.75
35.059004843977384,387.8762521094966,21.58994962532383,110.53616966381168,43.07639009877717,2,2,1.71
27.036770134033958,371.6766789791998,33.46072718411738,128.89020165625493,35.20412116438276,3,2,6.07
15.821617006173224,1096.8800385731404,37.93647169778286,216.54590043650148,60.839456689894014,4,2,19.09
40.78285347549396,374.5008198344567,15.690598122576034,98.20100879377519,30.648000257743703,0,2,0.74
34.394193041417026,399.1446987414941,35.63941491319143,220.0194275067994,35.509800037711656,3,1,5.21
8.549538497572119,935.33808865976,29.320502272769133,40.27091912463904,82.49568152159338,4,2,32.0
45.5908956324452,594.713826695594,37.38780024079089,198.66364055798508,80.14576741587442,3,0,18.81
41.215593524696864,954.3816126506994,25.695218903107836,214.93595560258936,89.48402332631824,2,1,9.96
47.51509570795024,171.90277332082377,34.48992240314159,61.81806015258791,85.54350333419872,1,1,2.02
36.42311566522382,636.3283130407227,16.435063577760378,118.97970244560611,74.40641161058818,0,1,3.13
30.864052198821597,136.97496020161088,22.7114181518008,58.06494817264079,33.401635724543084,2,2,0.54
21.203030296385634,168.91852380088997,16.541380368277828,182.51894966867007,80.88516016913275,2,0,2.69
46.670059926023654,1097.0811986788522,37.432892070018625,143.12998665418104,84.95820270463642,4,2,23.0
43.370162530270214,253.1699082293547,33.79039986725225,166.12436974291384,81.94033947517704,3,1,9.28
2.7383241702563756,685.6627505027388,34.60859068865732,65.19200239992855,63.0511372950217,0,1,2.14
1.8051652376139742,552.2051628607771,36.57320032297957,68.7015482720565,45.13861951221631,2,1,2.57
19.134936660463456,482.07765888472693,16.957380180755063,29.544384867278467,84.94644841976724,4,1,16.57
40.622389873700726,1089.8166802559997,23.868744627806667,94.07553309501783,77.265582633109,0,2,4.65
49.37016840108975,124.00573645303845,16.633802448012048,148.74127210674524,93.74947633527535,3,0,8.79
7.945636109624645,830.168654793148,19.84824133565066,217.3250302193856,40.12001885413564,2,0,3.52
29.909470409930687,1159.7338776349054,20.275412871866465,173.39331291549655,44.66819789838358,2,1,4.65
19.354097403235563,716.1850018080262,25.78946585409431,120.14115438194283,43.766879742297675,2,0,4.11
48.51076269182286,1130.504708236401,21.17692985143378,239.2176263106517,81.51508489538688,0,1,6.93
42.18488669521758,157.48366721462614,17.322496456808505,185.42639613244134,42.14897426925768,0,1,0.52
41.997270883201324,560.6726509815776,18.85229504916448,233.9379966583865,34.3328889385149,0,0,1.63
23.70031140985103,386.1735700582563,18.38733796169809,141.34523385259808,94.90645242806586,0,1,2.47
21.033565365714427,903.9030614788028,37.38076635198286,79.5479832024221,31.613118743934695,4,0,10.28
14.03365006056996,1179.4267995469713,32.46372765912489,32.15013786388606,84.29086391032627,1,1,5.45
3.290587084220892,382.18306868867256,37.258513701199924,186.99951584128561,53.74884470079243,4,0,12.62
43.303757624625135,819.5920616214819,25.114031189681896,47.89968954127285,84.70500488425799,2,1,6.59
40.73859995193884,317.9073960357141,21.402475078241103,89.63827950255245,66.05033192872443,4,0,14.81
49.986024827663464,721.8632800287709,33.360743535811295,142.4683088132964,88.60602991661341,3,1,26.96
49.83352343515832,610.3257353571698,22.503840114946378,149.81581518934198,90.20254411695073,0,1,4.87
27.993869427330058,1169.2058625946909,21.88581759522301,158.13413530704128,30.59138178325044,3,1,10.21
38.56487705143527,769.3799999661132,20.34763782078012,58.23872598043115,34.90179143953124,3,0,10.67
47.26590362918019,484.45700929550065,17.982616499157412,107.33960310897922,46.273317422105606,2,2,2.18
42.557545838531865,225.5053633767267,20.898650403385616,161.95467223690235,73.5055020636276,0,1,1.29
12.743731036288285,266.371511608428,23.172354214899418,243.05833886577048,87.73769277324789,3,1,15.31
22.801934697849628,347.8486229463586,30.5018667873518,187.3551616709284,59.89622683410758,2,0,2.42
6.893391049999002,376.06332747432776,16.438991371047386,232.1988641316103,69.45325255782726,0,1,1.47
47.725525849306756,1035.6776636252516,19.841659612302887,195.3087734122607,42.25249043171147,1,1,2.82
30.505644405318563,717.3450671107774,33.607543726708556,156.0949028452521,82.32284420230954,2,1,5.45
11.817818872421405,675.730002511803,18.379204242426727,64.16537490135924,92.87632723797553,4,1,28.41
33.74918387808991,226.2457590561392,22.880838370017997,173.337699935278,47.45893063944884,0,2,1.03
31.097347902665845,1046.1536626843786,34.88715520273722,163.37730017077862,62.16368685403551,3,2,18.2
18.229054542625605,895.095733529332,18.56328215629918,158.56790920517128,35.5975471829143,3,1,12.95
6.121100813881636,174.43519809000173,16.90294721921837,132.65074963729538,66.34388267009294,4,1,7.23
33.74287318184358,878.6186069527455,26.14437388684025,141.5910189175334,62.68092372003424,4,1,29.01
26.255231194737767,697.8920390769107,21.955648759406337,96.92178123716394,39.388371470080045,3,2,14.61
38.729760390914144,189.89788032145609,27.958392383128647,139.44191930772973,58.73430385267488,0,2,1.5
26.24809330504367,604.1307056815222,33.48751248111993,65.43785830605,51.71680238562661,2,0,3.27
42.682984265767736,633.1659158430517,18.15441522751309,205.19011139288665,63.91900689483731,4,0,27.09
27.819388519337036,282.35199417960337,28.356078944748553,62.728699580702795,68.06753180287194,4,1,5.49
28.26642959100162,1140.2679617003105,26.62670148896687,39.54224667457727,30.55221260946862,4,1,10.35
43.89435333158808,1034.972908628728,18.31381207830359,120.3365860621462,79.46538889172109,1,2,4.92
20.472401877513654,835.9245710620191,29.351965167166597,171.41071108639423,76.34592897101315,0,1,4.73
7.133753808306716,608.5251171006679,21.293729610797747,120.67486973471452,53.808615103423946,0,1,2.11
1.924742477510279,552.9420957429593,26.220189326512287,83.65345034880099,33.44083581197319,0,2,1.54
37.87929415584414,816.0708138660495,16.892263458372422,148.37937229480136,79.07061508602828,0,2,4.69
31.2053227919965,699.975056347596,25.57043331591333,99.81053714480599,92.08638543107861,0,2,5.11
35.35194852091157,168.50041647007419,22.04865976498487,234.5595687291256,45.609853741430925,3,2,6.68
11.041725994691081,663.7529136473648,33.91476785726315,232.20838210882158,51.02909989290747,4,0,20.27
7.250388041545103,987.0439789561234,16.31051072093947,135.54551859358196,41.94783781631797,3,2,11.43
1.2199609505601554,605.1638653566538,24.627967323121588,95.41331862419946,67.50084801741457,1,2,4.19
17.85408416092655,157.15223530969524,25.543922755023075,189.54045521002698,40.06469065208457,2,1,0.64
29.700925499304336,964.9060193224364,31.67513975487973,28.443977001105328,53.15260632498966,4,1,13.94
19.916080232436748,321.50016034957184,28.208614227074854,129.1968713900398,75.3058459057271,1,1,1.8
22.15500864017459,384.48291837684263,30.345883755466165,97.35438068217671,66.40753889560764,3,0,13.19
45.25585537744055,281.1769887755255,32.872133569990396,231.72325357358758,55.12006668131579,2,2,1.73
17.73864561765337,463.2365713586473,34.83066839413834,22.760696272716984,57.31622411749022,1,2,1.84
25.942479713410634,932.4266562574985,22.21913642461682,147.1474214152203,66.53720737050992,2,0,7.59
39.29082413068658,671.3244454543311,27.374522223369766,190.35262364532397,30.381207312665484,1,2,1.64
20.12886772490287,325.36940156578385,34.322485804101596,131.55413713052948,35.10314144948464,3,1,6.55
31.29329166127974,1065.6130859672448,37.757376012196296,39.64269693742598,87.28177440459575,2,0,5.4
43.18700358296389,1067.5400404466823,35.45894415400655,243.6661197064175,35.0621342909339,1,2,2.14
47.501270871053286,1057.6362675506075,23.543747040360664,139.14239921650253,75.94223375368284,3,0,32.09
7.7801373059873775,362.6758325196932,19.48882989602896,161.2628361933726,89.80248066708842,4,0,20.33
46.366087445493974,596.3632785990869,26.256028360351543,74.42025002272669,47.59443427961252,3,2,11.61
24.85975650743714,1183.4886217549627,32.057753392228975,131.20455957456488,54.081943408868426,3,1,18.49
13.283097220798439,949.2137239409894,26.329088627325845,118.70438315041403,66.97989137990656,4,2,28.94
23.227219933793936,129.8841633481158,26.113159856214374,37.226043660456256,87.31108302650802,3,2,8.01
49.011612476631115,171.72505038654126,34.27929968488141,44.416881315917465,91.22386317192732,4,1,8.1
24.884595652647047,610.3245144935661,23.312286918545286,212.61867951231815,78.07161112723242,4,2,30.05
16.773204709231656,1100.1422264477162,34.77527752066785,75.15858900751576,35.63028445555511,4,2,8.22
31.853342288677926,692.5719777479857,24.35651042188964,64.84040244468503,73.4950201097653,1,2,4.13
12.387208129520557,647.5937588377193,22.549361430601806,136.12963378753204,56.66974192172303,2,0,4.63
4.255234741378864,216.02106995229366,25.44176795759308,196.81184021337796,60.595564966919,1,0,2.04
6.879546234577137,822.4581151967235,32.53628004952198,34.24769927316722,33.19464537243651,4,0,16.96
6.838269028409735,1004.313476660248,17.89804664087187,152.66582151679884,42.41903905751328,2,2,3.25
8.01918332885857,518.4620082583185,19.5176419650564,47.41840185333187,81.3833844896871,2,1,3.22
7.371945046145802,953.1730360178602,36.883230990251114,28.386041689892245,59.50732414811088,4,0,17.1
32.223299867759124,1160.9243192908928,19.03630742977122,32.13110899731,49.608045706024676,2,1,3.84
9.503064177757668,324.143105040458,28.057728312414255,211.8577448879415,54.96123980772228,2,2,1.74
17.610530524531228,675.6625943142154,28.32423273322457,47.133671234454155,85.53596836616921,1,0,4.95
44.89102629034758,415.8517538930331,26.26136262715563,30.384813814827147,78.68493613132219,2,2,3.51
23.96110119301218,972.1398609372233,29.829140717266828,120.71697404286982,47.70050081677038,4,1,20.74
33.54410805679085,735.3527024692733,20.286014693345223,214.1184985466657,37.63761961380426,0,0,2.21
9.029833624480677,798.0406593053341,27.711232158865208,80.35392659253944,46.37988440686466,0,0,2.79
10.018306431029202,977.7055755774835,23.559984870678633,116.99390203096077,89.8491693185577,0,0,6.91
2.5229965051907035,535.5675199287004,30.218346971471348,29.18218248966278,67.80327446023409,4,0,20.13
8.862285622072145,1106.5990752477476,18.248141497582438,123.28805825102145,64.67621356841089,0,1,3.31
14.290221782081952,686.331753970754,28.130180587307954,152.85100854654075,68.76558398001,1,0,4.48
9.262018971698968,273.7503051188828,19.261218173816445,151.3086223629933,53.79183727352349,4,2,8.11
4.890775420974252,865.4890299856827,21.408790451645835,96.45813920010399,82.46195632076834,4,0,36.98
6.47147561947974,972.5874854820798,20.030325407442415,92.57263155252117,64.01360620451624,4,1,25.68
23.308549017619924,448.4378447742793,19.205268936982794,44.52343235541751,37.58861367997171,2,0,2.03
10.713519061086728,1042.8971826986283,33.99135188589534,104.36361374864173,38.38923311388909,2,1,2.36
18.531358121879734,1096.757580242343,21.57127405620048,42.88377384078187,64.89584452267019,2,1,4.87
25.419154907315416,404.5949361155898,36.32384698288233,196.31706728377188,90.87706417460456,3,2,12.04
34.67454401715358,1181.8736199867442,37.308310082939386,242.24308848208275,50.04288790895292,1,0,3.33
2.445950922134397,254.78268085363425,28.13899080855324,243.11712503334257,86.52017597584918,4,0,17.17
40.07081474599761,322.217235242739,18.289025821311707,218.9663528563406,79.66621312762716,4,0,16.57
31.581069279799934,302.64732316182875,23.614609597730368,158.1821943481124,46.107808788948944,2,2,0.96
4.547072081469159,1083.3886810086574,33.34784205700892,181.19911036609238,32.36214864055576,4,2,14.0
43.74214189328547,819.7218075574581,23.449986760032623,85.59733461649523,36.62007223425488,4,1,14.94
46.083183826324756,267.31471154450014,17.00139602096414,165.07719663970275,77.35210570008361,0,1,1.79
3.5233590128157557,584.3557602051839,27.80605295134832,124.79939637117181,42.978532972642036,4,1,11.93
14.205443583286584,776.8278275767822,34.4377795844088,130.8639881486945,54.1326098328506,3,2,13.56
40.40696334975654,191.81049348832164,33.306306904300556,194.28860888628634,62.610445790417614,2,2,1.65
37.53885467399109,1070.6580052480726,19.027832222998125,84.84122178736789,77.15543094926059,1,2,4.37
9.633790458140677,983.9638889856886,30.473586131486734,93.14911068973957,37.36002951184315,1,1,2.41
10.86279150516716,655.727450934302,20.071598059019884,232.66761195958642,56.413816343034995,0,2,2.74
18.83836908817341,1163.8392767850876,20.01877329469996,32.93158781572362,61.5297390942752,1,1,3.67
24.483887766955554,559.5370772026097,35.10365078601926,131.6958886350683,65.15375915815008,1,1,2.87
31.10361119074965,1182.5213509401476,20.742385913025295,229.9441840938082,83.19344169068908,2,0,9.15
18.761225158703734,834.7119986839898,21.054688969914256,160.38349179817612,41.159082677809096,2,0,4.01
23.395468448590822,798.1384005793356,15.015027987509889,145.67362706879038,82.50904436873046,3,0,27.87
37.49981143762095,282.5503848253635,35.0253877848869,77.4411612227517,75.0370978002824,0,1,1.35
2.315818543084596,1070.1205341351083,33.229680703810104,98.9533624848231,66.13160292293236,1,0,4.53
12.995628745029027,570.2386567126766,29.428565507085594,215.97113563507938,75.46931157616717,3,0,22.6
35.81080450128535,278.45674636072727,32.25611257059337,148.62017030674536,56.78115303185767,0,0,1.65
44.81273846551637,113.86827197333494,18.49711705076331,138.39070456405938,38.995843087928094,1,2,0.94
25.828033384725472,715.7312520022208,25.541442675514233,42.90333411420666,73.27474061724888,1,1,4.39
26.839617520633126,680.139584334944,23.07804590902196,23.686475984678317,64.10369993456544,2,0,5.15
5.805014561318915,891.2889846060745,17.156860103911377,241.6475933980213,71.5593620352804,4,2,32.03
22.646912157761005,1079.2838583195824,26.181001159943253,106.70681847597358,51.96992076685185,0,2,3.18
26.864554689523647,187.34724310733247,36.17701195788061,158.739004282886,88.94632752708932,1,2,1.59
12.502289929919119,904.6461393743986,15.921359738165973,38.33446683307555,68.1790414574125,0,0,2.85
13.827539931994357,306.15313850734043,21.70360101035726,177.1162857163007,35.5511614789068,3,2,3.53
19.175566073678823,1043.9947584728802,19.77344153273118,234.49034300237102,59.23725939578786,3,1,24.58
1.4935242899974552,1000.9698652478218,20.477373034311015,152.40300818940653,79.16314355833623,4,2,30.98
16.442918696367325,694.8731304840989,35.893994693225636,49.00652414634443,81.61874651259771,1,2,3.59
10.96667634632896,881.2670784856426,25.76558824738867,153.79595131889965,62.14880842964432,2,2,5.43
16.711118932806777,445.7851245021232,25.724886497615834,196.25985901407003,88.15859210403457,1,2,4.31
6.428225525052936,618.284688826096,32.4932397764715,113.47580341202429,47.39844841762934,0,1,2.19
44.5811003966248,1003.8005874815188,18.553320692113292,222.3626820265376,56.688915320487325,3,0,23.94
29.882826450925407,605.1917168905353,26.20710314430117,169.19707927219383,88.40879918698306,0,1,4.5
34.11556479765223,493.57809185798595,24.889659924784375,226.82725120651656,88.25668657065262,4,1,30.43
39.56397631106324,643.6336919753298,28.728945882573093,163.40622158688757,74.57132997360426,3,0,28.02
25.172888846988336,1011.0741776809402,37.98982717476009,50.19623356110957,85.83373556294431,2,2,5.08
4.802554260327473,468.72885210796,32.69732456388708,91.2290935541935,35.77026235215512,3,0,7.23
27.086773820018117,291.1377524493182,24.150911169400825,66.4128380980651,86.22467345350546,1,0,1.87
29.548635342033517,883.2154223638588,34.03372020230308,229.03009447487833,50.84029392576474,1,1,3.6
37.399253972124335,1008.57603397889,18.926292356187044,194.892015476121,41.59154830783406,3,0,19.57
21.86714753836913,210.70122637588668,15.700664785106083,175.5716248493014,45.55903936223301,4,2,8.07
6.815224988380406,363.8615240315392,19.70231256667828,89.22225351527298,57.16795302090266,1,1,1.97
14.546907337036862,256.1691887370933,22.82946579062797,62.33029757154911,46.32748029929037,1,2,0.74
18.472573671732437,482.7355527403833,26.743357421569875,193.98375023744973,50.83689309107244,2,1,3.22
32.472903445914255,595.3860767959538,29.147970232447598,129.05632755218832,38.77360159465674,3,2,11.18
28.75352608111114,923.7089706596371,35.9439314959317,71.9315969946447,49.25148976133491,1,0,3.34
18.12678793194339,816.2623433698416,26.726642219660526,161.82305497801326,67.19844794523007,4,0,36.08
49.33250481525249,783.0214242262742,26.529339826391777,29.276785991843955,58.72049102591916,0,0,3.98
30.485853558165914,487.61244127061985,16.15558922592859,95.0191584494983,52.53671948033423,3,2,8.87
12.242726190931727,1025.592308393236,15.802965711093147,127.76810875596097,78.51938837571241,2,1,5.83
5.538232394709985,618.415884137981,27.676679124076557,54.030416845163344,88.07814814056567,1,1,4.61
8.066527389624436,1177.01543181667,25.078108104711923,246.4705298458931,79.1912994886558,4,1,44.84
12.674907555033153,797.5563521253106,34.301149084546864,68.09239385561128,51.58004563764915,3,0,17.35
8.453727976348006,238.891215720953,18.69563044837244,49.98121990995108,78.388740909441,4,2,9.68
9.735067690539635,843.7953182829774,15.574348228692141,66.81302099398617,39.878711860813326,4,1,10.53
14.61221085034543,457.6144169748689,25.327891662392894,196.88406062673658,38.47066922593391,2,2,1.74
9.081992967090363,854.9599163547072,20.46200680530192,117.86630163252384,52.46575740735033,3,1,19.8
44.889888519008046,176.60526297864632,16.14113058679326,150.04566614308374,82.5006539878637,1,0,1.92
4.471570410251289,292.36958089355534,31.665760597495467,24.832106106862973,46.01263607074962,2,2,1.23
26.463313783727607,1041.3109847963651,17.566638999016693,27.91920097186235,34.111471578414175,1,1,2.03
20.814642935988246,349.89751272586636,28.99134850017875,122.53987646021372,38.56111978841308,0,1,1.63
49.12774153697602,1020.745237767234,21.46414425383845,207.83070593637342,85.81842295442272,4,1,40.43
6.045925657318591,407.20369729985146,18.990409158165505,223.60494210274,71.1959135085737,0,1,2.84
20.19385215276421,807.1701010645784,23.734285027144303,39.94251054699725,46.458075619048486,4,0,21.16
48.48878644713076,863.565630860814,33.43325285312793,143.82351348323525,66.09422864633179,2,1,4.46
43.342602731752024,663.9202284595582,24.018152268805174,230.04282784423222,64.29267545764777,1,1,4.71
40.94506751198936,435.84174436640444,32.267701931854276,109.23373351151386,72.60333859864298,1,0,2.7
13.266189938724521,333.9088140082057,17.886184826380465,210.80014122852478,45.15719103740506,2,1,2.22
8.958935575808258,136.50829001866884,32.77374265229682,50.750000511870326,86.18619416763585,3,2,9.21
33.59783938625933,434.3410413647962,20.44946647285292,235.1407326235937,50.10895653520083,0,2,1.98
46.5041114618155,818.4790695844113,30.580041987444076,192.8273630321996,75.1185575084554,0,1,4.71
28.059763204189526,1132.135300293331,28.012975761342915,236.5069103409874,31.04810201419397,1,0,2.66
28.79482812876004,1058.3249304893573,36.370328495868804,175.62196371707648,54.222713443119574,1,0,4.19
14.358965136184066,942.6712541888328,23.908417913432224,103.58290435986821,52.86113816732254,1,0,4.01
38.58990019300088,967.2920775786286,16.52179934319213,235.78166968068615,65.32648785789594,2,1,5.73
9.758665553597407,831.4833938235948,15.440576167678817,83.38035855111104,34.72785701551777,3,1,13.87
16.522122202010063,386.31554332260333,34.01774690237332,96.39968007419849,81.35853929219704,0,2,1.78
21.55910371151263,1097.9145337764128,27.068919666212942,181.1859361404003,44.15575211489195,4,0,20.86
25.626713744880522,837.8055430964174,32.830613192203835,196.02274889083884,74.00745796733067,2,1,5.55
12.499281754546471,716.4846940784839,20.391788800264838,233.7628012853054,82.20878801086606,0,1,6.08
6.184422824590575,222.08841613482917,22.936926146804375,67.10455408292819,66.52200215569835,3,1,7.52
30.72569210086081,591.761098187068,15.692389060860336,203.5395481004215,78.15740843692906,2,0,5.02
14.78721238539266,606.3940983221189,37.11432346520458,189.8655922813016,73.02092029397537,0,0,3.23
29.27129196041931,1051.019970474937,30.360961854118706,34.67274793832751,53.109436814880496,2,2,3.37
8.140954406073014,701.3130422065673,36.46371701846404,109.0613224783476,82.57580503718174,0,0,3.34
24.316435041813467,518.4406038674506,21.106417370868662,85.03605512382268,49.15558904255931,0,1,2.16
26.8631769113035,1174.4803613617253,29.0636630581902,90.03279760142699,67.12883965384862,3,2,21.06
3.065265072710132,221.79265265894725,30.605499270730668,246.0777822975812,78.45085304420007,4,0,14.29
17.16191177059907,564.803271143139,22.303643105924536,167.8388051003834,54.632134137813,3,0,16.76
7.153526508479225,146.22714268854583,34.50651240535949,185.0655162925049,49.67989449513263,0,0,1.0
3.6370610384020035,913.8945328436234,36.7847136467057,244.6220565824521,59.85749066123348,2,0,4.29
49.50303150330229,1109.8842074190657,35.351667707008104,106.75640996525689,83.16762713269497,3,1,24.87
16.456515326248788,408.0410625055384,31.998540446605567,204.42323874414535,90.44491460446821,4,0,20.34
40.58878506980442,1044.175844479033,21.38168763367394,119.94212156003394,65.43042183589286,0,1,3.8
13.10471241080631,421.44005350808754,21.47716896842953,219.99274451744535,72.99530334603736,3,1,14.87
34.2343847500845,1101.8471778083067,37.15728737025887,61.55123450159973,88.71278544552942,3,1,18.02
38.131279064539484,929.3580939564623,15.236543406520916,237.9678207247843,36.405545341841254,3,2,10.68
29.98411766008829,985.3974545255825,31.469149384569324,70.31749293450233,45.08510756130073,3,1,12.31
23.84302133323284,119.80721116049995,31.24366173877103,95.03071660561424,76.07850040635286,2,0,1.85
20.886125250289794,1159.0913927814286,29.32185944184534,193.92421384455952,83.54339002429947,4,2,32.96
17.768979193878266,899.3380912773556,37.772503459997914,110.56368256004355,85.70688684148757,4,0,31.91
46.51169264026738,435.22620492474664,22.17322702256568,159.88861665628272,56.98196649557062,0,1,2.26
41.61566068549259,1012.3341313447316,22.81935286724471,122.25190524596856,35.807093648971346,1,0,2.72
48.26883207799237,409.67331825642293,16.81560626777078,190.74508553064982,58.45579602447529,2,2,2.19
6.652712562534464,1060.0292235227407,25.18435714050596,72.51618804478049,44.9977483634585,0,2,2.97
36.677940022580394,223.83842945313071,21.004116103401508,33.44533706448171,48.92776957478057,0,0,0.81
46.94785261264137,874.0545752068754,22.89789415008582,88.98376141880523,80.19739119443787,3,0,28.59
9.471036775200178,694.7683243094014,34.19515117587943,129.09099291973897,34.909260591682646,1,0,2.14
3.791565234655486,206.1879172149849,36.5161438111324,58.64461200431607,83.79277913624563,1,2,0.87
37.18547213985792,366.0832110847229,19.27186065611927,101.6033766209694,57.79849057857099,2,1,1.85
28.93641910240564,113.64443990504627,23.567705425729713,111.99609420752076,68.74415552153869,1,0,1.79
42.17052444953447,615.6447620109565,36.35850292865406,33.20012404830292,35.82739503031914,0,1,1.55
7.41873264300133,431.3917868360004,16.42159459585212,154.16066708236704,51.92834009322318,1,2,2.59
39.86573193706457,758.1932327275347,17.124292146561707,223.39898843339614,35.830559735964975,1,0,3.4
10.480552342363355,426.9615884794789,18.744192751743277,54.90086997920206,92.50034198727212,4,0,19.93
8.600969171852373,429.91102265768313,28.68989518491812,157.49584308234822,82.47200720620629,0,2,3.54
8.631156997584151,917.5125186047637,18.46086223313794,172.89001712949465,59.87612903316992,1,0,5.05
40.821448651453416,152.9571195761888,37.265756773366874,116.44697649643632,44.53416564103862,1,1,0.5
33.42726242446191,1093.1844947111858,25.27443412694597,181.2524450937821,90.6745818412404,3,2,35.86
26.391738526071407,1037.4902618302995,26.534913088053827,114.46825500293276,52.39877872225317,1,2,3.59
18.262108964113374,834.5851515490472,20.67314816352435,136.06657623481004,40.46398805967936,1,0,2.84
43.92142677024886,752.5437271181228,25.832085805998872,21.691200247518204,66.60568524950708,4,2,21.43
19.926032817420452,1081.5327479536174,30.224013550651264,179.09562625097843,91.34531782241305,0,0,6.46
40.92167225384306,303.86319748158587,32.27707414994298,172.1088161572866,30.248968882520966,2,0,1.44
22.237177974225812,186.86607840991147,32.338965902328,28.832201785059247,45.47811481150992,0,2,0.98
19.158749256532925,363.4611869004919,28.29149559196403,104.6975247008806,90.9990966266765,3,0,13.92
23.402649390645518,974.0361065702093,35.80027482485872,245.1773233820835,41.120587845715534,0,1,2.32
15.418204771125033,138.13729339913166,33.80038048804052,116.76940939078186,37.36082435658829,1,1,0.91
37.50666431872443,741.0875185918386,32.41210663806838,135.4474431803236,67.06216902698729,3,0,22.81
25.384659309577717,1194.9812678104408,16.278926998650594,229.28393637673526,86.01984851416394,0,1,5.54
11.994528409767456,1041.2657032212933,15.158193131051934,184.970231449124,61.0121381501052,3,0,20.59
45.02894137709114,673.5902579479484,19.88628737549588,153.8761301585714,94.64667668449411,2,1,7.76
19.502615457973963,170.00500021530658,30.2610426600094,203.49507670844667,74.14616046996954,0,2,1.44
27.405866625142437,1014.5108658242808,24.45754224429855,218.80424128487385,34.8148689686791,1,0,3.81
45.37036949274508,758.8763589949316,24.255343963884172,125.08425649957138,94.5340885593284,3,0,37.93
31.399780797742608,226.42629676552352,35.345498429281115,129.27492393432215,56.513125390712375,4,0,6.91
6.286453015064022,203.24301330569182,35.59794550703229,108.79171519992224,48.68116469995637,3,0,1.73
47.02169011886702,1100.5895013802515,35.91103107323247,242.34241220424593,66.26214693256256,4,0,27.6
31.571548627035185,836.1202892318863,22.21919575984563,180.3482384867806,49.77999346835618,1,0,4.44
17.077827925525764,1012.215479248431,30.89428369300302,39.14130522785663,35.6197379628099,2,2,2.49
7.393967596837669,1066.876790310494,21.247563169310503,218.48071336199425,30.092842300146486,4,2,19.76
39.80424686887965,728.9495872531544,19.384026160712345,130.52878639234166,59.22291793981705,2,1,4.47
31.19360141846142,669.1909869305454,19.24654651898949,35.813398477172115,84.39612244472849,3,0,20.64
26.906324052827916,573.4701513530892,22.868475279862665,146.43496868756154,67.20048706595497,1,1,4.59
44.747682861022405,448.6412465702312,24.889025254935902,115.94778416441147,94.94847443132366,4,1,27.8
39.53556195561427,578.055556944583,34.11183093426657,221.88236311840373,48.64503196706799,3,2,9.55
8.007906546771183,951.2676213031721,17.757495149872376,66.91875883015909,48.229579209403596,0,1,2.64
15.930242355879637,762.1157741166447,31.903294490082565,210.08686018320208,40.383714915206376,3,2,14.94
12.800212420816054,1081.7756189503307,27.223463026354025,148.26839897265413,40.66413323724679,2,1,3.91
37.32534148234751,587.7180158171066,21.62274288154783,32.56036973909788,48.5371287406531,1,0,2.75
2.1598555194210793,767.7985365906294,26.33485044425497,243.52441930486145,81.53460294277926,1,1,7.18
28.70953940113017,794.4383084011876,21.89866760487152,137.901506143736,88.87419139136911,3,2,31.52
38.241704944164184,750.8668785369581,28.70988497048104,86.90167647326398,93.3806660309993,0,2,4.87
43.899899019706595,872.8971503940679,24.978410225670615,127.96357365752937,45.098827516269424,2,2,2.96
17.43304656143742,361.1768152122869,18.78132716881421,217.30729020902245,87.28434046491596,3,1,15.32
41.15223658126464,663.6001553003697,17.681410714781023,90.1277186085646,51.336580803026905,3,1,10.1
5.9762709792827575,214.64728308918245,27.574000687658994,64.31557119194107,37.33463539359749,1,2,1.14
42.39938844085865,522.9624604092937,35.75549976558038,49.68638679410273,86.55162015881076,2,0,3.54
6.81068878543313,636.4337754833908,22.911026790826767,88.50766162974858,71.34686625183521,0,0,3.19
20.165720882738178,817.4466855000197,31.859002466120334,199.41106001921,40.70750824526901,1,1,2.38
39.966120606087905,1145.584157844824,30.149211163614638,128.47406399491018,57.939031738345165,3,1,19.56
7.920912653764302,760.7161732031915,36.42576302911806,72.3207688495142,48.67175016700939,1,2,2.5
11.847944064015753,917.9533077942158,33.88256339788024,58.222549910242314,77.8916469661628,1,1,3.94
36.25150213545678,656.892665444723,28.03192095482565,96.5277795973872,59.47205499057742,4,1,18.64
36.14180855903068,797.5144345139645,30.11170145938447,236.18260576371304,94.30319643191503,1,2,7.38
32.23680782782222,178.02543774715076,35.6628887314328,98.8961438957056,33.55842384687368,1,2,0.93
34.85044800112145,379.8307389260317,24.1889320454995,247.26853746956613,53.075992298856036,2,1,2.34
27.364859945706012,498.03840252565254,22.51627823472888,131.6030048260319,61.32351086214853,1,0,3.49
12.964053415894162,619.742690507165,15.248654923609516,61.207701206734704,62.70368105864078,0,1,1.8
17.61195167844401,150.2136200526221,34.01067470640368,224.96222111250717,50.535828455066394,3,0,6.46
9.489086981670571,254.02650730864946,33.422556109277394,125.88173582101018,77.40061619134192,2,0,2.47
45.468302786014604,404.49573857043634,17.402453916303482,183.22440900604062,86.85855977678335,1,0,3.77
29.37789384092296,1168.6859599911556,28.267719766052103,246.2536641381049,91.0167546285611,0,2,6.72
20.342145129800173,464.48170781335585,25.67157905783841,31.54033057359402,82.3310694919692,3,2,16.97
23.36928728038457,630.2451639232908,17.730309196709563,42.23974875114044,85.28771282492896,2,2,5.39
47.39052531078486,315.70748401223227,37.553069222396644,185.70505053643393,65.78544454029971,0,1,1.4
8.09089445424597,771.8580781833451,19.938005411657176,84.81975075795856,83.68273471774295,1,2,5.98
29.518376684831463,408.75153706757175,16.546386142082905,62.38932129852279,49.7277540946169,4,2,6.31
25.541489604781066,327.6918362822695,28.68148972854392,29.053232358537784,55.901119537098936,4,1,8.25
30.76698465401507,668.2298912905769,31.993933574059753,25.024743756826417,50.599345898205385,2,1,2.91
1.3964540991316052,106.0563790764629,15.7461992590853,198.1316887175519,60.38017680411515,0,0,0.87
43.670133492735495,108.43043591414786,30.15050569072151,50.9196882949965,48.56267505551136,3,1,0.5
46.639854982938814,340.9756900120435,27.242713146883453,127.5757416733647,92.50474374653905,0,1,2.91
28.474092587665844,140.39349875090326,17.37509520412611,159.3562674912811,50.33490082036843,4,2,3.85
34.984215781906165,218.8283295437605,18.968049169766328,118.52091413083464,36.37289497721109,2,0,0.83
46.16371936827613,472.7467142726268,28.06340883826985,26.234530037333613,64.24311579327687,1,0,3.39
35.50831239851323,982.8442475377941,21.816225110805632,200.20534559521903,33.711440098936464,0,1,2.55
8.050682624255938,729.253507706231,36.58126175898027,22.418041644580303,37.185305810057734,4,2,13.27
29.026273828257253,663.934498552058,33.83102527813317,195.23467570682132,44.26031029775601,3,2,12.07
30.532394795951365,422.8377055289338,37.62204574981425,225.4600335712682,60.18276624233921,2,2,2.59
21.494468229468108,1124.929091376098,20.97242929585952,119.55318184314963,58.161310600086814,1,2,3.93
36.95398966342378,536.7165453609109,37.30364355435347,143.1747688124936,81.97997103018142,0,1,2.49
46.75116723106623,195.80204347534863,24.91837900520583,129.70618030206037,78.06585250246738,3,2,9.84
46.31564138888543,778.7731677295814,22.992932292216356,109.51798228339092,57.71068910939559,1,0,4.67
22.816548884504538,225.22223282426154,16.158039120295125,224.10764313518285,51.69077349241594,4,0,8.82
6.105283269117385,479.7454570818613,16.21360093077086,225.60470745409782,50.57047096399741,4,1,11.89
49.24963934863556,658.1531325895897,30.916258886773058,97.23776386755294,80.30968067411058,3,2,20.01
42.02545527907374,1061.6447771536934,25.532366871982642,161.46604342338054,33.384706404382534,4,2,15.33
6.670802719561709,642.9012383741306,20.20999739883043,233.18873929354874,30.83340721818938,2,2,2.85
46.08167318955993,872.4846426348307,29.121317045480353,241.27345475651086,81.71038547523213,3,2,30.6
43.55986992207535,1192.0985228989773,20.815736719752557,137.06057929707094,61.014514439288206,4,1,28.9
26.18248382774057,244.6380318877798,28.28553034992172,124.14970521539516,38.50727400598244,0,2,0.5
29.768134069373996,402.20467807147145,23.26180118060188,84.09969266356093,45.31178574864258,4,1,10.55
20.25063384157145,534.033683157411,33.941701212071834,240.5405308337943,90.61275695132986,2,2,4.84
3.210701121690551,564.0109963927146,33.876011697635924,52.847290028759495,85.86769341561836,1,2,3.78
17.092263461472097,552.1231827921004,25.979059156815232,153.36080249097674,76.1360282645582,1,0,4.63
40.241245705601564,1098.3721028122104,23.06883951470536,84.98656152928694,61.34463997192623,4,1,24.45
0.7292851387278415,885.4359089135421,23.338875320859174,84.17190677999322,63.82103570244007,1,0,4.72
17.008208998711638,768.6957354997742,33.53143409036901,113.14277509652335,93.3908947934573,4,1,33.9
20.209350332751693,440.3099896490603,22.548128104345075,249.72237523760055,92.77507885247866,2,2,5.58
27.101082345427184,1006.1694226434241,19.80836559525746,32.642250573159075,43.99248797607923,1,2,2.75
46.032853012431644,1150.5665626334878,16.947831863132055,153.06461818681223,82.72179680984567,0,1,4.68
17.644126721115082,1003.3181108052491,25.733941780341393,38.99159634811375,42.82077330085609,4,0,17.81
17.67418349386327,101.7216157106202,26.089038275156362,55.539790897819366,43.87993606245684,1,1,0.86
37.006311781432544,800.0415072017478,34.34090033926687,121.09947660776669,73.9460472206975,2,1,5.35
22.884788074045453,156.2489195863108,20.08849001825947,137.40583020968148,56.325071408190645,2,2,1.53
11.617938735529107,383.36794236709403,23.762799294373195,79.52225392384051,90.55038646192381,0,0,3.12
22.895756048568323,165.47717038254885,33.59333199455489,92.78514010111572,35.785632768240575,2,1,1.58
7.472422508800093,764.1749982443265,33.94334304722639,40.0024146588646,63.24916665261705,2,0,4.54
9.231155832058054,855.2489048418674,23.84605474751167,89.74055028417762,89.70389947880288,1,0,7.61
25.169204750604248,225.93640187249562,25.559852535593663,242.30844105752513,88.76738793116783,4,1,15.04
21.23680975047512,522.2227713494774,21.975575489533508,237.2826977846708,40.174398872023175,3,0,11.76
45.78487210287095,601.8601598510962,36.44876220364418,97.02200673150655,53.831450506269675,2,2,2.77
18.43849800627334,505.95832393700823,17.728806612056346,151.29640534411516,70.24289100303525,2,2,3.36
29.23912333876315,233.12750053371235,36.476236729033815,229.20693995551719,40.36066751014114,3,2,3.63
31.797082252016754,560.842569206223,30.728928392212893,21.422279207406234,92.92144118297301,2,2,4.99
1.148175601122515,926.29585258926,27.22615951179482,206.45722117764612,89.45870636729792,1,0,8.34
33.34509991482717,178.10843098658103,15.751158398043405,238.12499714145136,40.8517616372405,1,2,1.02
9.312780360052695,188.19801549009378,25.93871241190619,41.004918896718124,37.87510498196405,3,1,0.5
48.07298071473803,490.2484210195826,24.37820641506284,57.132967787571836,35.55155138253724,2,2,1.74
7.858805023779091,1135.8982827808175,18.70803267542782,240.97164963741176,89.11383816238103,2,1,8.25
21.023894124487676,835.4299113952054,30.09742088051511,143.63423303727964,42.58554763670495,4,1,18.31
4.724808569892871,846.5369523398213,37.336470869470574,23.265225928496452,57.05852035538305,2,2,2.98
49.845275466374396,498.11198992165146,27.93034265448408,79.2553597156117,59.1753387673802,1,2,2.59
25.35865301139651,753.0268703293923,31.439325358210755,123.4870450818377,68.93571787388188,0,0,4.12
29.971558357342168,111.14430243051771,16.574360409018386,179.36904953569658,34.662797343582625,0,1,0.75
3.8202856307271604,799.7056510504964,24.60634090379088,188.6268869714639,44.739310131033534,0,2,2.6
37.6230432847593,1104.6156423338603,17.676245158783406,248.9469479728549,90.5468751497302,0,0,6.66
10.890326858231495,773.8308151793011,29.09430421733974,86.12757585826458,89.04665697245701,2,2,6.44
44.95368732731533,1061.0684528129796,36.58508963892555,143.7906234297493,80.78389208137,2,2,5.93
10.654412203859355,896.3703610127031,30.22088784684769,142.66441600770915,31.261080965184004,4,2,10.39
9.939042172851495,232.61425804405928,16.766470111231694,113.29840967286462,51.25543995224663,2,1,1.64
2.3092085584806963,1092.6986380144258,23.157322714656907,58.907235583756645,70.81731779728901,0,2,3.98
23.86731378294496,173.08822879135238,27.665257727139583,244.8150095322838,47.88736376527592,3,0,3.6
28.459636096499512,687.3642198025401,24.273778391064802,216.2629529333148,89.12313517849552,3,2,30.4
3.752577651703442,256.35083617280344,34.17381224092897,134.61659650767456,71.20281501910873,1,2,1.74
38.888617026403026,112.87727180399447,33.73743310832975,158.74644721732685,34.67393662556896,1,0,1.09
22.937797320027368,564.237686140403,29.07211346237409,72.27004231872233,89.0853632743207,2,0,5.14
26.45731833171521,424.54477841957186,23.58953273805222,145.0710261901018,92.25483278145447,3,1,22.1
22.317755973442292,634.6005431773633,20.872736596554617,179.84313061793944,35.05130719546216,0,1,1.89
20.337771513328637,734.9198754080059,17.435109318901976,138.48841652891542,64.60341526598546,0,1,3.75
28.202196399756787,148.1129795398421,23.162646720190743,247.7655892345365,49.71867834392108,0,1,0.79
8.18439217357027,235.3036246361202,24.50296789577755,160.60858093697703,55.53453997129115,2,0,1.69
9.50544245951592,714.5066360954679,30.543927277393692,105.32395389619889,41.67732916709723,2,2,3.12
43.1583882401691,477.48408848992403,30.13767595884419,197.59496635164277,67.57468663080681,4,2,17.15
47.33271537561482,902.0908363043928,16.61248721174891,59.20637766377767,92.2686579611779,0,2,3.37
18.978811155847772,817.5208134511337,24.090964254916628,108.4386371524413,62.69971901765459,0,1,4.05
13.901861320605912,1030.1647992888975,19.180913945999322,99.80055858684474,35.38944779064128,2,0,2.23
32.37797739033128,861.7421093361478,18.60669222228653,119.31563187478876,70.30008667603155,2,0,5.78
20.73234146935577,572.9241851291629,34.02794944395666,199.80935996360705,52.11449463933171,4,0,14.08
1.7566246051870706,840.2632846338756,15.964049984473924,131.35979739758372,85.63513732343435,4,2,32.47
8.229553569626422,402.9192916809604,24.64120614574879,202.62332356117142,58.254079640570566,1,1,3.26
35.94062532794618,436.94484865603397,18.86868408262992,152.59244772216917,42.53457458124596,3,0,9.59
33.11673512455249,967.8836759128726,35.224594960604904,98.67596997123773,42.421865474924424,0,1,2.02
1.8412516289224328,591.0614680417405,27.811931805325806,206.29511104719867,79.96967174687543,0,0,4.79
11.487622015680998,978.2183745701877,20.321754636667507,74.80662422721107,47.263193889978396,4,1,20.81
11.938202431109534,1004.6646110351063,26.555827604826657,71.60808535395296,79.87017062034948,4,0,32.69
33.758690808137054,1043.3185714274123,31.824186273171662,136.03567253261224,43.38267519982896,1,1,2.58
1.4756716188410257,1108.2987594253282,37.03671420514698,79.99532657128046,50.90961396558511,3,0,16.05
5.653374808236405,574.0837425646259,20.070258097644636,22.090018038779753,60.25665320858046,1,0,3.45
40.09584622597287,450.75350015325273,35.38218075897494,169.10843127872434,91.3077302300743,3,1,17.14
9.337960771689513,740.4186212535252,36.48899462585227,137.55157893865155,90.5625426089986,0,1,3.96
32.8109323386678,508.28966578139034,36.07767252423753,122.46909733342707,43.446671902448706,1,2,1.95
12.290047661812963,761.1815834802562,29.614530207823925,242.40275836221252,53.284237680799734,4,1,28.42
5.422348941587585,876.1444489082071,29.485875051998278,151.37581231147016,39.7109602494952,1,0,3.58
12.537023454472978,857.2455203413506,24.273844563227925,218.58926289155843,63.14903015537731,1,0,5.4
36.252213126855125,512.0081757221335,32.30515129298712,52.07355432718684,59.93786579515333,0,1,2.02
42.85697517126115,283.5462218686281,27.219762422071433,150.91748651976837,88.5494105592976,4,2,15.42
41.595883296066084,573.5822723084283,30.581075638250773,219.63531414810765,90.45034955641972,4,1,29.62
20.160584716113515,256.8535584900996,24.854531788522294,154.11432417437655,54.931880415473984,2,0,2.09
33.570214260246985,1079.1067387021892,31.8244186729922,185.14326096921036,61.96296629623431,2,0,5.74
10.646722623083138,480.46520681164316,33.96284490490463,105.5700205968077,88.25535619449866,2,2,3.37
15.010812647920156,269.9057219456562,18.36803390186477,41.26338891852532,82.436007503429,0,1,1.92
44.868623016795425,127.99253589632596,34.15738345820725,125.31706787922643,30.237660237402203,1,0,0.73
1.1435952137814338,810.4046249151327,27.426820231177068,110.73025989293723,50.80387167193287,4,0,22.01
4.73267227729617,800.5925492002176,34.42731590907516,219.42384194715788,57.415325725848184,4,0,23.03
10.790369629728353,474.66458323942084,24.919939245843338,76.1189195410686,44.93155843941006,1,1,1.75
1.813344091754076,178.8830777324161,23.717931163809805,242.34887233307487,42.97215503323602,4,1,5.19
9.481054036944967,550.5917843847552,36.04639684789612,240.37176755503413,32.455992928719176,1,2,1.55
29.360557267999763,442.33924456973295,20.77689315361323,76.9552779064309,71.81903212953443,0,0,2.73
21.36051525432865,844.8327037085103,34.416883481581294,100.05194975978371,47.06316888140577,0,0,2.79
44.687249698310254,766.3571743979594,26.132473167716295,225.97782040099355,33.40256659803535,0,2,2.14
40.96345630605283,501.053101017294,26.824195178678973,242.32311080610472,45.013655184324136,1,0,3.26
17.419958909044862,339.6818096804891,22.094770474258134,121.99099365229013,82.12440693434823,1,2,3.02
13.341459954848977,1186.8395627711511,28.179970614237362,93.8293204974065,85.34679680702553,3,2,27.05
19.29477420427971,599.4017833157263,22.479857514352858,141.00162304785465,61.39930593756468,4,0,21.38
29.719599654482984,857.1016593582608,15.903196527558004,178.186917464119,57.0445935765646,4,1,22.66
13.769150220732374,254.60826433619687,21.25596792292019,82.89913853624535,93.56049007761581,3,1,13.95
31.395370938532135,634.1486696253376,15.146717998351585,189.38883016238674,43.03670287322454,3,1,9.25
20.7658767834664,130.29039185641204,37.5021601023077,31.88119213636744,43.99835338554955,0,1,0.5
27.826335452173023,656.000629701495,37.21218582585419,31.337733335815784,48.971366507365985,3,0,10.7
22.088263192198177,1160.4191478294726,24.088571841863015,108.8461721834754,41.229225688270674,1,2,3.25
15.076055097324925,522.6273842843802,31.75252964981186,101.29883417396573,54.65876388327213,2,2,1.8
47.44843869462676,142.89561383240274,22.953540263439773,92.59563953444503,89.204224754334,1,0,2.74
38.29848681090816,134.05137001127787,30.43514261297745,132.93454541384932,69.99760964085732,3,1,9.61
7.435602200439401,526.7854359415564,33.524890990057514,93.76872393166138,56.77652565979714,4,2,11.98
43.48916480694668,276.0274301095135,36.77539362792154,64.21932124766114,90.73670164712897,1,0,2.9
24.627844313350927,125.68730596100451,24.204882344542455,91.1779962903782,33.15017511092845,4,0,7.67
44.780335231257524,931.8349753451945,33.0158536079891,244.22798274635403,43.66795156362099,1,1,3.79
40.0928351693921,604.3753097700798,21.116354364538733,114.55608590881518,66.78275933161433,4,0,26.67
21.548068471227054,418.16924916991996,37.77764298725391,122.28393867741723,70.01092050755665,1,2,2.41
1.6122307618458112,1090.0915013181288,15.592700771580077,152.6053476887622,32.57123792656986,4,2,11.56
13.799529289554831,227.75285622057817,28.881162549525783,246.16837673527212,56.19751926396359,2,0,1.91
27.31089362571291,1151.510711850851,30.168637577980526,75.56829358022549,72.19500771400672,0,2,3.51
31.85717188139429,445.3633891150881,30.825047812704963,176.69488542245978,75.3745855162211,1,0,3.35
13.265440428943513,1077.2440395395492,17.768914312149047,184.67647951459654,71.4790936635575,2,2,5.69
7.398125666604795,763.2371641274077,36.586185019881995,159.68461586240517,50.836609583460096,0,1,2.57
41.829046721565305,1009.3780957156362,19.167215418151905,40.37301811642814,36.07880803386412,1,2,2.7
49.22790794482583,1182.4144795315108,29.323328274516342,175.6806234403426,57.76230901725671,2,1,4.4
26.52166402398295,417.2459816006203,20.121549819830953,34.74178353832036,38.3690384289236,2,1,2.12
8.998124649491023,1157.2490339483522,22.06597759148923,157.11280939647628,91.59553780384337,2,0,9.04
13.979212662708763,528.4300843926624,27.568546459746862,190.1036707610008,60.88610629147084,3,1,16.15
1.4103384890996034,524.0630952106146,24.59544862698526,68.5230748425886,50.62184633319639,4,2,12.27
45.757790924744704,474.42581467995626,18.685188822459644,213.57306173483803,79.80976462272851,0,2,3.6
6.328678603061986,695.5483680823437,18.931537255679512,26.98137527259098,62.36665851784715,4,1,18.08
29.03756553795555,269.55954749633577,24.617330127744392,214.0769586414104,50.15221156080925,4,0,11.27
14.065733424016697,709.0826338938123,32.41750850033652,125.87568164783598,82.77790325540211,4,1,30.29
27.931811124531773,695.8752936510044,35.65318687749914,70.04522618427823,86.36488981507293,2,2,4.25
32.74530922341728,938.091993865357,16.934936231965807,50.76897334861264,73.745530808764,4,2,23.36
41.57221928350648,1017.0149581313441,24.041389873866223,239.26064854394568,33.052687456498376,3,1,16.7
10.717852952149858,584.4854853436664,17.305647965626164,36.71308514366604,66.81098721082458,1,1,2.55
1.0442935185947837,432.5665742866431,15.381627054549751,65.7914865852629,79.6141692798233,2,1,3.34
7.27583868840596,385.2683870488039,30.219529700811,99.99913990960057,38.87269578543284,0,2,0.94
45.050922771481204,314.0862203753591,28.85633716523152,162.6540152610577,44.86359883999922,1,2,1.77
43.757558839344505,163.41234041892739,18.749439617742382,145.30424961350263,87.36218182942886,1,2,2.47
30.07194855743026,476.6927767181847,20.377695161140473,48.89800325483222,31.30791192044981,1,0,0.6
30.225584591465843,397.2724613438616,15.545278333823923,86.63743625978937,78.92726395868844,4,2,10.06
33.41931539003965,1163.059124453048,34.20378573097129,74.91290734978554,60.79526401343749,4,2,18.5
9.180878291860754,713.4797088750483,37.41788370911668,69.11485653277852,59.040190324574446,2,0,4.32
45.76339132328551,482.0047429335583,18.115569346277887,114.56319739039702,30.461274612167667,4,0,9.2
21.22914098215762,738.5143610930655,20.323929916601855,181.9272340960811,83.26088501282203,4,0,36.64
19.465357148350122,253.11637148026506,34.97341905077948,70.01417440996427,53.38861854137682,4,0,7.76
26.18642641150046,588.4481241224232,36.30866735299225,104.33614233168572,65.14976603453529,2,0,3.25
2.824815355365225,788.8577535631703,24.65142980455664,109.91100817346732,74.02454461181787,2,0,8.07
8.731026753425931,637.7876149716965,16.164316862188706,244.58500177014434,75.67092246846452,3,1,22.83
37.03266401310534,541.9566807197566,15.906012174934846,239.57326208218583,92.1387038236947,3,1,20.64
4.59853406229376,1193.233227789668,28.200846919587242,204.03164403297745,64.53709696037959,3,1,25.47
30.356029418586214,1068.3462383638198,24.036587504543117,75.58155178841258,55.98177081333779,3,1,21.85
12.644780929225387,785.7465539753841,15.659005834286054,35.64858224108403,91.99073572196102,1,2,4.04
19.77013289507784,726.3150973005111,28.414805023188805,92.8879516757437,71.73716527665887,1,0,5.38
14.790339970149644,782.7265278070424,15.259958341547517,81.36274636978109,49.37977315797612,3,2,10.85
18.105799465014982,321.44331860467656,33.10955503743328,136.3629340336706,38.22017595123212,3,0,5.43
36.092772306620155,534.6515175907505,22.047954922177546,198.87741931559242,84.76604259523678,0,0,4.67
15.207524923347163,143.40548617998925,15.925934069212339,217.41427594213735,53.54180418161985,1,2,1.88
28.53702969469641,623.1006412355093,28.532101082612527,214.31873964441695,72.93053188868802,0,1,4.12
24.064494908855433,697.3270423534295,24.14674153196026,102.72537908130559,60.60306725878338,0,2,3.81
33.35172268545108,350.52470971353057,37.397409507214434,178.06389899595706,42.93043568667749,4,2,4.57
46.87307209657552,1160.4317318820652,27.516569237585152,91.9518654305706,69.10962956033023,2,0,6.37
36.76231881190739,1100.4000720309662,21.33050116385119,34.00827494409202,33.94439948179435,1,0,2.64
11.13954874024246,894.3575590014965,31.317093886581418,181.36001108867674,56.8672598916275,3,0,22.51
2.0435651855335912,686.7252916418988,21.24431605848236,22.260337091051206,65.52997107813862,3,1,16.66
13.482070192841341,1056.9660756124536,35.797595702374,114.11199511545237,58.34305331770764,2,2,3.68
29.956357569662615,243.71757820580922,23.61860532166966,95.75723193947742,78.6636913913144,1,2,2.27
3.0455777674703923,969.5607737023735,27.64697694385272,179.47683385933607,83.8151220454453,3,1,32.14
25.0701292364612,237.30289536353314,16.163181387957263,196.23645873488715,80.13079981215657,3,2,5.93
30.043721021386016,973.6317288043459,24.80078847290131,89.94176627339529,32.522841607767134,4,2,11.89
17.04507259543956,403.3443250764926,34.14436141220288,206.67421332231632,42.61837007898819,0,0,1.66
38.660154085418185,1064.7996391200077,33.529922523356866,87.60085491613476,64.87948810214533,3,1,22.76
5.776613530121704,1138.4463032079377,20.159326853631104,122.65506279690908,90.76343262884708,1,0,6.98
4.219320195922534,263.6755663456272,20.19981863324294,187.2142612132508,84.27219037838759,2,1,3.61
36.54534343207837,608.9431655719329,33.79802218090445,179.37165272170137,84.76474304286711,4,0,29.07
25.026820152206824,1179.0861159789536,36.399163663894484,247.094748631806,49.708532594378866,1,2,3.13
34.57591862317293,631.7481795704613,17.193301189279083,71.78703556966434,57.91411331011567,4,1,14.49
22.02395326088544,1049.9022747659997,25.35134870680318,172.33312011410393,60.59588657553593,0,1,4.35
12.696900645335788,747.6046743444518,22.761448416177267,160.2268389034288,40.22915291774417,3,0,15.0
41.04556472487289,512.862898711562,35.02583447552111,230.47264453270688,32.01942846588966,1,1,1.17
40.07108600896447,414.36191107845724,16.921073037640433,55.96329257832126,91.5486884649336,2,2,2.46
34.887475307294125,323.54540019469596,19.85589667883486,192.9135776249946,45.64631806812794,0,2,1.75
13.971184292883153,937.978010515467,32.30677176448937,150.70178174181672,45.59667874203603,0,2,2.86
29.71641801001981,525.1945575053306,16.17975852656796,83.17315005121824,35.41963849496937,4,0,9.73
18.368207898531328,662.4030084208263,26.328313756428653,129.12003025385005,90.35300387634561,0,1,5.09
5.033312629668391,641.5580280013002,25.16846179763356,96.76861732605349,67.68291247108519,1,0,4.8
45.90702198538102,735.0069321564443,22.691227116741217,153.242082641346,73.35739571314801,4,2,28.67
7.2725222304885895,1052.1348601870075,24.075163252335248,224.47014048737316,89.25249767209841,0,1,6.49
47.53674901412972,1178.8132779417724,27.18863349939536,150.94014641480646,52.465310978551315,2,2,5.04
22.57728576141881,548.3426294311987,18.71144924293281,165.29615621511434,70.39797522397546,1,1,3.51
9.664079977511673,1010.2708143169334,28.155905200522632,139.31200483638315,32.521964557377686,2,1,3.1
27.324096895228728,940.9805741201894,33.524943573899684,31.76806648245946,42.14021433502341,2,0,2.32
43.71081887588221,730.8818466011306,32.48370138517366,73.55746808150167,84.03097733084627,4,1,27.35
36.74513187727328,1151.6518579731264,18.539697807956795,133.16039776937902,79.83994316199183,3,2,22.76
40.42477681914176,320.5219670812431,18.4327378040539,91.3541152612821,52.79177494471455,4,1,9.23
33.10977665218051,220.19063134058354,21.168010458133004,61.80562748507467,54.49269080532381,1,2,1.45
34.7676899436337,1039.3581636509643,23.304718705843854,135.95055364124082,64.68103818098267,1,0,6.24
42.5351847524833,583.0647982971232,24.3944783723951,94.24625249300557,30.015665304533744,4,2,8.08
12.858566438529705,1031.6657396277665,30.63303598716694,79.36475792988539,45.68088184247181,3,1,12.16
24.726535700335454,1082.3992257149564,16.303649939814214,126.71664601128758,43.53506755953394,4,2,14.39
11.44986737007031,168.7033529809786,15.797472197199527,50.65537935889982,46.281391538734624,1,2,0.5
49.389566395834024,1071.8112392846667,24.013942947709907,233.38151860734368,82.38387976467368,3,1,36.72
47.230937314487356,593.1509609063644,31.03476491917355,219.57148252142497,48.1788006755188,1,2,2.2
2.451627162741042,661.4757379046555,19.4490128879991,182.75273472032313,42.44888593325963,3,1,9.84
35.42597103952658,789.2517622025313,29.75460306889379,44.42918034534493,62.77712495154705,3,0,20.3
46.29979171207546,1119.0208674030955,20.97604717262689,198.4517685280294,86.26692736422757,4,2,40.04
9.43847958380301,121.02770387274043,35.37998050271088,205.83018546507438,45.68773074943749,4,0,3.81
28.61328891235516,624.5278151495988,35.600868718132176,196.58586207429767,35.10485578153192,4,2,12.08
45.816670730608074,856.4942466736168,21.837605698470508,46.212154037425464,53.166307830228206,3,2,16.58
2.1803259399970427,894.9776534680514,20.289856341154533,168.0988301255859,78.59736859672356,3,0,34.28
35.02230322871858,861.7856746908187,24.459991357523318,211.89470302236165,65.79488540516165,1,2,5.35
15.218775864941263,247.87864234893405,20.53222645914342,152.79128228052357,83.09156902233258,2,2,1.51
46.25761167113826,429.3351472088494,30.464828395709183,168.67369630246046,92.37348959460022,4,0,25.71
48.5673831356857,494.5870779587148,33.99948774461056,125.42360026805042,81.52306098885511,1,2,3.21
47.24119121111498,984.8809284474555,30.48111901095799,141.60268357333211,69.24720012484397,1,1,5.08
23.973603724544457,406.63585965600834,33.960060286735036,27.9066774208968,62.06720322340473,0,2,1.07
43.17111122397102,331.7754602539235,24.130819730771904,166.96149505385546,32.604490612637335,4,2,8.15
42.30519522748598,1153.192820941906,18.5952903263038,38.73285896496661,93.98092862291269,1,2,5.11
16.295473425541154,109.7496136248158,31.97287179014462,120.05335669825138,54.92627296737776,0,0,1.12
41.53131597045853,1197.602941250176,23.29091361825574,87.3106724635038,39.89483390459634,4,1,16.08
2.3318779184168847,844.5034287431351,30.439228980270048,145.448428548694,73.33607560076969,3,1,25.88
30.015358984861624,1011.3162293940288,21.224810665580613,50.68575717033763,48.47873879120486,0,2,2.17
11.885437445741301,424.08133598081247,16.868281600553473,179.07798245386317,68.07558761051808,3,0,14.49
6.468060845975301,115.74680543376597,37.82938129621856,202.8526534935482,68.13991400989843,2,0,1.99
4.309183480645853,911.6564704176831,18.592634682403784,57.57152344092599,58.972438358686496,2,1,4.38
34.966294405967915,1017.5590567007433,37.73368286116006,43.992010090932894,84.34771001042776,2,0,6.17
17.323810706519275,914.5237451488711,37.477438449028284,53.468561041092606,47.2228590011038,2,2,2.77
36.37595519067369,257.13531603092247,33.25781638988491,221.73933923665538,59.16111845515272,1,2,1.71
3.7351388695476473,928.770714482666,30.166728127885946,141.48353020396192,64.94998835841315,2,0,6.23
16.10687172261521,945.8150603184051,28.28956215577495,127.4700290817256,73.13560684987448,1,2,5.53
27.204818972579194,824.3945672370604,34.9203355436902,44.54371839354148,80.9581702828633,1,1,3.82
39.6407966595287,942.7275260751449,21.657108997248223,169.39788155410122,55.66247338708664,4,2,24.39
16.27824889513746,1030.5135836455054,25.756667887152172,219.6399061358707,71.99305136627873,1,0,6.82
31.48162313363195,774.9645256612042,29.245969295429546,210.4827499443942,39.789711949453746,1,1,3.3
44.35589853769126,197.46518536664695,24.457380944998295,163.99258306558428,90.62212653526112,2,2,2.84
30.985227815024075,636.390590633932,24.832188444076163,37.31410482988493,54.89882241736523,1,1,3.49
12.031494000304871,185.41426813876558,22.59654735254794,45.85131625048298,77.4188924284685,3,0,9.37
1.707838687048632,548.297334135674,27.97733178374433,31.341067035259677,31.32217032234155,2,2,1.47
43.56989425809603,547.8171380381905,34.56321414434767,79.22021979326794,43.33716428881245,0,2,1.17
1.5528358370941633,172.61082855426574,19.635152694145194,51.20213744688688,61.66036538103257,2,1,0.5
43.79773279786787,483.7025873664272,36.49195989132915,79.8110492580598,87.08641040260252,1,2,2.81
26.682388134346994,222.09790867044632,30.84901603620928,108.56335281536118,64.27158474679402,3,2,8.09
46.98385107638836,989.0587310101444,33.935283891640694,236.8860403363612,90.44158134910214,2,2,7.52
40.03977017079644,1142.4568285609178,27.79238593049027,160.38649374978917,61.44679827788176,3,2,21.87
49.8977384714002,179.54812278373248,32.92888413275346,212.04397070708134,61.87919128783675,0,0,1.35
17.860234864859653,1150.6267280208715,15.372609138807746,183.3808451638364,37.783541252534576,0,2,1.9
38.47582030209078,674.8342592704197,33.82274976992931,45.875720021125304,82.17265586989429,4,1,23.66
20.395580223657486,429.5222457492613,15.92319375896343,189.26169346600824,46.05275181035906,4,0,10.31
24.253843205043488,184.54828280377984,35.46800765634583,83.27274275859861,88.47481180920047,2,1,1.42
31.56152042930932,650.6866948774596,37.8151431864888,166.99480480878245,89.20357432147574,4,1,25.2
43.74701715222377,973.9670989398236,21.76355163006589,98.42125393788736,91.31515727181973,3,1,31.07
49.21213172536511,877.795124993368,19.837326794573254,249.46462055087162,63.81498179170085,4,0,38.38
38.52953398629365,155.24861261037114,32.60335736873493,80.6168402842589,74.01109601093688,3,0,5.94
21.17945571728302,180.19201890469387,20.819605841165824,84.20000827808202,80.60353220400813,4,0,10.58
21.357171612714975,543.1606108959008,34.907934812960676,234.0546187793516,38.515950212280266,4,2,9.89
37.01032392865013,424.8195434527376,17.365379619621965,25.668213066354213,69.06221767483731,4,1,11.36
12.319468715530965,355.6227553616526,17.89696951672524,180.2384672108353,32.22936358471526,1,0,1.37
5.9684686000040355,409.104948799585,37.520485767314156,186.82506986925196,62.34179542026718,1,1,2.85
18.05379680321844,983.831017626573,30.498294660210107,212.36707280439185,40.064774305314785,4,0,19.63
14.718330086877046,1122.1508589950392,34.47840616186592,244.12104144684932,41.8899901875355,3,0,16.94
15.167251962571509,545.612963980323,22.459575679084914,244.38844140603004,53.7280918350191,2,0,3.55
12.063583676970541,1096.7221023457469,30.559126238973903,35.0136542402867,58.108415836572696,0,1,2.87
2.583612886999913,453.64527137267015,28.667562028097734,209.02304423316758,70.50620759459217,1,2,3.82
1.3847597693039835,624.0806849781708,28.87245276282778,168.6512847411977,34.83784719850352,4,0,13.87
49.39225829193356,348.63189759759973,30.698246569367598,168.88869090581096,62.739964480433905,0,0,2.1
21.674770119925185,804.5236463934284,28.233260981969266,49.520483121379804,41.87063346645157,1,0,2.86
19.524169034404242,1176.8792266922899,24.868434493961317,169.54304828250028,67.30838637706321,2,2,6.66
34.14254049330696,763.8424056477165,21.346221970752577,245.970993538287,71.43129979697693,3,1,31.81
11.303567449320676,493.59549252490376,32.677370611003646,229.7182709940728,66.1861016759355,4,1,15.87
47.523078605536156,812.5991905895812,20.20426589007328,121.00005198511562,77.98920818108999,2,1,7.59
39.42407821356983,235.2127463119263,30.924149041551527,29.1880338558017,51.814600875658584,1,1,0.5
4.925844614456846,1077.5249882919384,20.366654920934515,103.3275027000471,79.7319284561535,4,0,34.64
21.170248401353955,653.39234585782,29.38259390895244,210.0697716681277,58.12986031103259,0,2,2.9
44.016356224327154,594.2847162436062,32.18280014396767,181.34479333698818,61.47199239096879,3,0,17.28
47.26423510342481,744.4512672988711,20.030419444850402,125.64904078660997,72.12663827196964,1,2,4.35
23.636374806868552,787.2622490683427,16.37869591981009,32.67335308653115,31.193294959949558,3,1,6.55
30.86386376593003,178.95338684916433,18.012396088866005,118.1857873993596,72.50962439231614,4,2,5.56
8.768180331557724,850.8789433457426,28.937930247233588,127.8757361351132,70.20803468968751,2,0,7.09
49.56284699378034,366.12484834708255,34.537267343191914,233.56777256565127,50.14006258896319,3,0,8.43
11.967749218480447,885.3478957572488,16.03492688841476,167.44980382389667,35.57662851846682,0,1,1.86
47.16522281968872,1004.7882738226165,31.885478957957865,91.68017083056924,35.91080424434767,1,0,2.66
32.65750912512224,984.3543583077724,22.8503288568512,140.8232008236659,90.00954355403985,0,0,6.15
30.582971346503527,707.751064148678,26.006152508149018,35.19272079909682,74.80315587967942,3,2,21.68
25.878081295317173,672.1868815418263,36.363769646448006,243.69069419943946,38.26166989509812,2,0,2.91
11.918155680029056,257.16355747335285,22.635344608924445,102.81377744406699,53.18700600507891,2,1,1.52
9.238137584272659,952.8807654434491,25.70274948060818,129.90949163002125,68.51139460360378,0,1,4.83
11.41406734897368,398.5503184913858,15.314695539495666,101.7153140744922,84.31216083089217,4,0,20.12
9.7286939761406,646.3649650997412,16.876770560111282,176.97769792672602,32.837960366345555,4,1,11.73
39.08943144155429,412.70150222026837,20.947606596100034,172.3133964158064,45.381153545550575,2,2,2.02
17.83120032875314,247.21119929966247,15.640601538884711,184.52413142170118,87.8336843691997,0,2,1.13
3.36321248988812,792.5134665809102,29.52163249910977,81.67294281074179,30.59576076194807,0,0,1.17
48.470580191970164,159.7652383051942,24.80716220643732,92.60375066773517,43.09094168160268,0,0,1.0
44.24740130568957,923.5097575388199,27.607339662744508,48.807783152127826,92.33657143824279,3,2,25.92
46.42373801816304,449.34547478722834,19.01688527561558,170.7672935246059,69.87112002394113,4,1,11.67
49.747937220998544,100.14816230493385,21.80643667704217,29.153339287200087,47.00863883143792,4,0,5.23
9.107814836364621,662.2420531609528,30.26796292161268,157.4669371703956,34.35442113573009,3,0,11.77
20.11397993568161,151.53709938036343,37.2019626434992,220.03005351587578,31.83243712906944,1,1,0.91
38.03280454735252,403.78651360298943,16.159585792850812,224.8913941066157,45.90843017640027,3,0,10.97
34.953020593662714,877.6741362012878,35.478839379671115,123.27868488509118,87.29657827327918,0,1,4.7
8.117847363822825,168.95858378405245,28.268267630157794,125.63984828900696,57.03438752933812,3,1,7.87
40.88373968703558,1023.2723415916025,27.970150035379348,37.70291209184399,76.82166899578954,0,1,3.81
11.609808305914703,104.20191492444143,26.506406309778487,174.27595585189823,89.68852729969726,2,1,2.68
11.578971933719842,371.50625612209245,16.59606397579622,208.88966668575446,56.52263000418308,0,1,1.82
27.080233933223973,914.9944617672786,17.067167589931696,76.270662559084,42.433029117430806,4,2,14.28
29.850526774664306,447.89716470223743,28.820976130158982,116.89920277567387,63.612665505699766,3,1,12.36
29.21426728797165,212.0816268726149,22.84204714301784,212.9330474560122,89.02543965889055,0,2,1.91
5.028598451188866,496.25731068047065,36.097165531286656,221.73770756232625,82.28433691895054,1,1,3.61
43.934312700203826,397.4326150229781,24.351582359267862,75.93139546077197,34.278939818605,2,0,1.67
13.64720210814095,1026.9830923766103,18.295473550160743,146.63124594451378,75.01723200504281,1,2,4.66
6.910988603498806,444.68270934365745,31.43853317054683,64.27342464624022,67.173338959832,1,0,2.0
44.49302995351437,967.825718953608,21.747128693143225,43.43211575209801,88.98510646251765,1,1,5.82
47.804749162372794,1081.059359291808,27.085817069185545,229.55771532015024,37.96129209526932,2,1,4.03
43.175317054639805,577.1991615341825,31.050154066618912,208.7167259733851,64.71234735830268,2,0,4.89
40.57104569888146,1100.9374582398314,35.70607455764762,194.80802741473,87.16507507827299,2,1,7.22
32.93447804163158,515.0498593595121,33.22039748043855,31.216253327022297,56.65154613821329,2,0,3.26
27.767439845152396,1160.486258139119,30.556304561072654,214.05762232335923,61.329669652636355,1,1,4.83
4.805844615614802,198.21847697813024,30.631563195088304,120.75013745823826,34.57994404835229,4,1,4.09
20.718434046999587,855.721193153567,36.75626681273799,98.75087835804771,48.0793366291792,4,2,15.9
18.948081592109542,643.1954445026215,21.80395424242033,145.68956303583658,51.092932195981575,2,0,4.46
13.357812296136148,526.4136860012118,15.025578166512311,41.01124582641784,91.43295916841765,3,1,14.97
36.30929562758495,795.983066623461,21.25495486615857,194.02870635105174,48.37337843517534,0,0,3.88
25.045848886399156,874.2428007977643,20.011501731415112,153.96006768430806,59.95646779252738,3,2,19.78
4.511787687428573,104.79959661534,30.222195457621957,62.91572228082853,73.63478753167819,3,0,7.45
11.39906849651566,283.6483976219186,29.57536679460717,63.29340594688048,40.541919206512034,3,2,5.14
34.321308801149996,884.3506556977505,28.649611802208646,62.377189861715074,61.61875516422184,4,0,25.98
4.268477544769859,833.0239549360272,15.373599193817435,33.11054913694482,78.005037565934,0,0,3.94
42.63474224541405,1162.652255641545,31.76189525236489,155.1936433554875,86.34558884675928,3,2,27.98
25.00975308719173,937.1415692758613,22.441199487166305,213.28008084535688,70.70685285305774,2,1,7.58
24.289035577669075,1145.849978504472,30.296287747152515,24.02458921709938,73.48847849560161,4,1,27.43
29.82418534064612,872.7945516882877,27.801303855549527,31.271068343392916,38.20842571799698,2,1,3.1
41.321707813294886,427.8574295033875,22.882811284841864,151.73716363799753,91.47547232101257,2,0,4.1
17.716555791158555,215.90141447594212,18.095254143394477,208.48400763879204,38.617315036491355,3,0,5.15
34.061799551673644,960.0062496794292,17.171634646191063,95.14994483078573,80.35374091681689,2,1,6.16
28.503732217791658,808.5641436235074,34.12492166158114,100.4113117257761,47.213060915590724,0,0,2.87
13.717899373386356,153.00461363262585,36.123143467875835,157.15969442425848,90.68355434058135,2,0,1.82
43.99218432458032,496.0555124910762,29.94512507557889,83.06896449855381,76.79737005901617,3,1,11.75
39.972588069542944,1152.4797970327147,17.378984641791117,26.11992419786735,78.99789134359398,2,2,5.39
33.093365815592065,650.4412602812214,24.246625988429535,189.1025591633671,44.238846248892415,4,0,17.97
42.60379559016497,576.002049621675,31.765601602418617,163.89947997653422,58.79759848128545,4,0,22.6
43.43106294751022,603.4695656752233,32.93588033223156,153.57387978280158,70.15785764830362,4,0,22.41
35.563967347394225,329.7709964056801,17.719028312695038,190.58734966811932,80.04828518342906,1,0,2.35
41.932159754001766,505.5778879512747,15.000706533443795,175.3030926392686,36.75735943430532,4,2,9.36
35.02483735262954,506.79458158589426,31.379152055253915,67.35285728101387,92.55374556954435,4,1,23.29
34.16696820213487,157.59052220621965,23.20171204768273,101.07064079697076,87.86434358604615,1,0,2.46
31.121263221651624,944.32439136971,20.853070627219985,49.00533258608375,47.57265838221298,4,1,19.07
37.75947365810324,558.1548750942668,15.296641805159085,49.86711308611264,83.47941579710158,3,0,15.99
8.350952712007148,1004.3978754980657,27.42688635551449,175.52502166200404,63.69105499758852,4,2,25.4
44.103102580346956,1035.382801231885,34.57646691479758,217.47802460597458,60.017421301531215,4,1,23.6
43.65625462338898,333.19346016852387,37.02552786426952,241.42849428806198,50.438216877741354,1,2,0.93
1.9477405102106777,823.0888303871415,28.01213386410565,164.51983703637222,67.76295813105351,3,0,29.1
41.37792915295575,619.5099845792798,26.832610538017565,62.3433043730201,77.44279265073385,2,2,5.29
6.8790584399355375,1068.1724117136337,16.956296866252544,44.29957945325406,56.710638822579284,0,2,2.67
17.088383285827526,337.3147470940995,27.624074435479795,206.95572345345428,70.89924754553898,3,0,13.7
37.30365868643459,845.5945203410487,23.739518816204075,153.11398956279984,75.45533987509475,2,0,7.99
8.457614854391256,768.5273344779948,28.964111460322272,162.20555483315556,76.22291810599359,3,1,29.35
40.98936769389358,424.83162532901605,23.940706001160574,199.73628041358313,33.37779637852672,2,0,1.27
41.690641808908225,250.26099401628989,20.526879839358436,181.75376237846388,85.88360736952936,2,1,2.02
25.61965282116139,816.8037365250042,17.18420133025266,211.92539815690222,59.78646545972812,3,2,23.13
0.8161006499832621,912.4572039455637,22.2431242255446,32.92919825577205,47.05704531025394,1,2,2.47
14.708387592158182,447.190078139685,17.2228311886183,191.9297464516961,45.7146929861793,3,1,9.91
31.03788245959924,809.3158644245452,19.068629868951632,215.69613418408196,61.395917334856776,3,0,26.61
49.06871581235746,534.6439983726536,37.70873164732956,85.8110597654123,87.64405006548235,2,0,3.27
31.774769587325085,884.5275716108795,25.21438180885223,167.30287301844817,54.59259280937205,0,2,3.2
13.36027726267591,319.1368023834584,27.23305062961538,92.25727468250358,78.73217354093032,2,1,3.37
31.88328230343076,1079.236502899792,35.09322616095595,240.33334529096442,36.29321751416921,4,2,12.03
27.229276295934845,416.1505561121377,37.89808471128582,27.687421660165864,60.943685639819016,3,2,5.25
39.10234705998161,504.5645865317682,28.402432334927674,153.35235408157965,94.45959912552782,3,0,23.95
5.795541621934441,163.90114728838478,33.68689788401595,58.29581582138847,80.0784571815019,1,1,1.06
38.17088117385039,222.66343355340405,22.519643559743532,183.8106471907465,43.68435174863984,2,2,1.49
27.292695644467457,667.448092983561,22.032111021287697,60.45476518629228,62.593695790364194,1,0,3.61
48.168104191020234,394.3519444007686,24.262185582874885,74.13815023662224,45.18560963715683,3,2,4.08
17.42267221891496,1019.0282483164139,30.467667041493932,133.70528654052436,56.6214602720631,2,2,5.06
31.81478371013043,116.16272752044922,30.69040885286727,230.41203849928195,80.70546154277271,2,0,2.11
46.63539122274587,517.0034535391299,22.250506996937368,68.6943055940333,80.12961299387624,4,0,22.12
5.574231535538623,471.08010144600195,18.06382825514246,53.17520485716381,44.826524563655035,4,1,11.32
46.89281011820433,121.26039400936114,29.545113898706695,194.56467132642706,89.9445156800659,0,2,1.78
34.55034325389026,236.80523890056125,17.951494830341584,135.1424924368041,68.51693187971375,4,1,10.78
3.8579344257060093,555.0069424104988,28.30532768927459,229.71057584780743,54.695078912530946,2,0,4.77
15.397696563867404,642.1510428921913,30.948708945295106,53.721348146763724,62.62581275075594,4,0,19.6
35.554518387941435,544.718721980356,31.114064417072388,168.56341539529905,69.32963147345333,0,2,3.17
3.833854772704199,684.0314462533032,32.32985854517072,73.56220361491745,66.39288456997605,3,1,17.35
29.317437778725527,754.6448423962497,35.075766696010284,56.05489858987704,61.616327309851584,4,1,17.69
17.62121131917136,110.9162032406192,26.499056815190134,177.18876548617223,62.82063226581101,2,2,1.96
31.235318129490118,610.5046753988543,31.795731359180138,156.54746257900865,41.4667741778126,3,2,7.97
2.764230673719386,1159.849164976347,29.240972913414247,193.61031542333617,82.82763877980416,2,1,8.25
43.64107190454263,670.9355081425036,19.2927186153467,91.17639258262194,65.214420796166,3,0,20.84
48.68770397428115,845.2964942048485,15.590861831996389,123.03348096790369,38.5201910108057,2,0,3.2
48.45945383664173,443.05024370857154,21.544451870569475,113.25848555599624,79.80021160288057,4,2,14.03
37.60776567127478,951.3905159680388,25.189775245765247,246.34057671229826,90.6088585945278,4,1,52.63
6.939268886466283,950.2136300637266,29.193436721859094,87.21726005005921,91.57494845040253,0,1,5.47
38.03402819848662,673.4256524195529,34.549064601573725,87.80796481975638,53.98615260672623,3,1,12.96
1.7170523647106748,1173.615205607135,19.51365148424181,101.5460880305797,38.80859678144901,0,0,2.4
1.595115800685364,238.1052362389187,17.887645167664974,149.85663869677396,63.69597573114923,1,0,1.3
16.518705847902293,118.6424313785391,37.16003879190953,78.03423118066141,37.31959990769934,4,1,2.77
24.687837925030955,947.1740329328056,17.485024865657365,230.516686287233,90.70918220332013,3,1,34.22
38.63516718148576,987.8710911013708,26.00529461246535,81.10767991924061,41.93267577808449,0,2,2.33
34.323121142022,232.22795203263388,28.467965762245942,226.0376182588448,46.42978089682566,0,2,0.89
22.572183965649042,392.1411162544667,27.451611680871082,43.79926463871447,56.43137424752308,1,1,1.87
14.04451998094246,119.3075997032918,16.978739611757693,171.00942155192004,54.90569045634318,0,1,0.96
49.8576627578067,422.63947185862116,16.311619022083246,228.60666924079607,81.65308800586278,2,0,3.98
21.59597446068066,950.4560613105386,17.42611883160382,58.812370831592794,59.66059333581255,4,1,20.33
22.843657704318936,669.7565804838368,28.46851672907009,242.71520082282865,41.099936900216896,0,2,2.57
8.599379148987625,482.9051524851169,27.519932415589388,124.16317289556768,47.36864320659482,0,0,1.8
39.843072663121504,508.9132243969633,20.376038216845117,237.51447494143562,63.09237003718893,1,2,3.21
34.83727017618369,101.48898828701498,29.668805262448608,175.6686100349108,39.58450463269877,2,2,1.93
11.42809583304364,429.7805803217595,33.861552547279935,89.36498007091686,69.75761891699091,0,0,2.14
4.577861757984214,811.1046158017235,15.956316076471657,63.30958073093448,66.77357492582448,4,2,19.06
34.1847154526983,1171.6138881979928,26.456988701604978,89.85906063177286,76.45565056484675,4,1,30.79
32.8983051069162,1031.7669096822895,30.854139478361876,41.39400413041525,90.9507999996589,0,2,4.05
14.026346586411362,125.95446111008204,20.803174322602803,53.08963225896585,89.29654647157511,2,0,3.09
47.56774633139531,1088.4166651423234,22.07873082174243,44.071901279690664,91.49491517447404,4,0,41.41
7.977365643154561,961.5182546284885,29.11367176875583,117.27701506055828,45.90651380654056,4,0,18.46
21.900572651608794,958.4137359280785,35.65251174920595,202.9830265392449,38.55174493155805,2,2,2.98
47.20898804829614,603.7953349039286,33.62826166696669,52.51821746975824,49.64798553226915,2,1,3.16
21.276502187843054,537.805822249953,28.41199503929042,49.97369962963725,88.18053622981046,0,0,3.76
32.10703440937223,433.2073017165119,31.795099508416733,167.98865838898607,93.18347585052673,3,1,16.77
20.180922699158316,172.26434484980234,23.39091681477937,65.35208585265525,85.85612181958095,1,0,2.95
14.073652516259166,351.058899843069,29.742207146271426,42.45030876506807,37.15115187329033,3,1,1.6
49.206893574011495,371.26399847582707,25.72217659593381,58.37517298728286,91.58281987388656,3,1,19.72
20.762033312594628,632.4847766812218,19.3685311385239,232.4582210516585,57.51827177780109,4,1,22.01
44.757910582117155,922.1888472563634,31.139980299176916,208.9383881385239,30.60516889955299,2,0,3.69
11.882752991608767,621.1908112377413,27.798686659022906,101.43484934167164,58.755593148632585,4,2,16.2
11.048682849241624,163.62889439187666,23.2482963849326,170.83877648530034,32.994496028905395,1,2,0.53
2.0411371027833125,1153.5687810870243,35.96080137180851,143.57340494364877,65.35206487547265,0,2,2.83
32.75750785610631,1136.9967510035235,15.481484710014865,175.7385806009897,52.00601178340834,1,1,3.44
18.742054014326175,963.7084974632493,22.26278247873841,177.01436506643464,60.77327068361317,4,0,32.49
43.285733367062036,1190.4606917206427,16.30827214888587,164.6088234637984,69.85607344830261,4,1,29.68
23.92389038123208,698.9305660802892,32.63012827309743,81.20331476358098,86.47207122815831,4,0,26.96
48.42557468177873,1159.0451852785266,31.14847144461723,28.971476775448167,73.02360247067536,4,1,25.55
9.683513027304496,183.16554467842585,22.621101030935293,124.78035985772503,58.21317645108174,3,0,8.82
43.49684681380273,502.24882308750847,30.54024675076268,224.9239934788619,83.26281048857373,0,0,4.36
38.941544213191214,347.9193948074424,24.106556202506844,150.98436945927247,88.8628389422536,3,0,16.4
38.66063130988057,315.416392547697,32.393837202715986,211.44993959143883,37.78439781809282,4,1,5.68
42.31676979178594,254.8832437819437,25.44622424294424,248.07359888108246,64.57564354093145,2,2,2.21
38.17068755167845,784.6550057225963,24.482433740128307,57.63172695180354,48.49327738325887,3,1,17.07
31.497905920755063,959.4540413220356,36.49878805623092,179.10885700265592,33.05897786200158,4,1,14.87
6.996621445278185,736.1282393623967,20.770219297486104,175.08752195100567,73.45553518240905,4,0,32.08
2.11004588481697,261.65898054703064,17.770288819921007,245.38975289240403,86.08010053484966,0,0,1.86
46.081968466876496,992.236146926818,28.44449160496754,246.6881688091441,40.58867254103061,1,2,2.87
31.024190568776532,799.5501778801014,37.29440168253612,177.93608069654977,82.80688774555352,3,2,23.4
39.928595903320726,526.9822767396951,23.690301915725293,76.03140215590469,85.4707226799012,3,0,24.2
24.33535639987123,841.5433250896692,16.426845563461974,203.6678427700378,89.43212877332144,3,2,26.12
6.306755353638526,385.89547716711616,22.80402114812005,44.616700868538764,47.24353079059341,4,2,8.95
6.696696714026246,479.71142934363155,26.636428049349846,199.5608399594746,88.75694923734281,0,0,4.74
34.43548171783408,1109.2344274451893,18.724229152540914,229.34510855328017,50.843079057868096,4,1,25.04
21.800141797523402,419.55495623856245,30.13635101529932,108.05168079674011,65.90197087460768,4,2,15.21
10.425973971666668,616.9870949737302,37.948235947234615,165.0461178461085,33.282985604098336,2,0,1.48
24.833930063701125,1079.1552511356163,25.39000794757321,118.93282838227005,32.85227074396833,0,2,2.35
3.6783423852191373,878.4934852942802,23.15875680479489,120.68596264726955,76.82425882759318,3,2,26.37
29.30758439476274,168.42354878117303,24.216195837192732,91.38530449486761,58.89119856855642,1,0,1.93
13.815173519537336,262.0333487068674,17.648362103089624,195.28981270357465,46.659004398999144,3,2,5.97
39.979175481540814,108.6257498491085,35.31529283280315,235.3206097582962,42.37687724161916,4,2,3.23
15.862916966716902,794.0139692520797,24.540990076991093,236.37269762392606,73.54697690584918,0,2,5.59
23.03339737954916,592.4407679514602,23.90731146277135,60.19969552123478,30.026100361647092,0,1,1.65
1.0752167254509815,247.7023359925031,30.17287627740091,221.19103942101017,82.38292599779552,0,1,1.62
4.086120945830665,1153.7275331624476,25.16676868141584,189.6092315282381,35.15122439844537,2,2,3.56
19.9284310421309,682.6256963401819,29.90936978258046,78.15260215876653,42.446824969027766,3,0,10.6
24.256972318497613,366.0826235241781,16.41326467300811,35.47546097194835,55.10536569444082,2,2,1.87
30.201017131905534,650.6639282701783,33.715636905611234,81.63937138340694,61.51581808154673,1,2,2.89
14.93729764611051,847.5823660086186,36.63159091622626,229.80789445975088,53.07468252790622,4,1,22.5
34.90160336326386,183.86313977092092,29.921603881665877,165.63109522602764,50.8462907239791,2,1,1.64
43.07605866086563,402.17419655268117,36.95501636375265,185.84257200651052,92.65454078475724,2,1,3.34
39.10262395022082,987.662039972393,18.482943230509157,79.14504075509205,71.70267928082063,4,2,23.27
2.4611318547436785,605.6313574429273,25.980572358048136,185.45927578220866,31.523142098880232,0,2,1.35
24.285093889262534,701.2348562355244,28.841554880745285,26.467946443922465,57.961434048880356,4,0,20.03
5.6940438316996556,576.0976024304161,28.379942890687296,106.32390952779318,86.87556548335806,3,2,22.56
12.48122828519511,148.28993690730562,24.233620919047993,164.15327016473617,49.59465211669342,4,2,3.22
49.33979836672375,282.3247578021715,22.77594141542401,53.60221007450365,36.146162410335236,0,1,0.5
7.5535293736249045,590.0958026160799,17.91695251865963,209.290822122795,79.29501015334466,4,1,28.07
25.194963595842125,330.1040119487206,24.0100763629324,74.05719872674129,69.39089907584528,2,1,3.17
31.098708848746895,154.97693152564662,18.741198747426157,170.02465594824264,67.07031300872275,1,1,1.14
35.27201604193314,1028.0146304570062,31.890410559321023,113.19534279232583,33.482476374481514,2,1,2.17
28.20260983260225,1179.3117820805273,19.80311151637557,157.09002695985885,39.13243563670863,1,0,3.75
0.9836569472495911,972.4571613964134,16.347002021544277,44.713627104648864,70.46571075385239,4,0,25.27
16.659834758077597,1039.1634138751338,27.70442116979639,23.889943981969687,43.508549694824325,3,0,13.22
26.126726347543215,366.1748433487499,28.690283852546237,229.19981829746928,62.76455518364758,4,1,16.84
4.849391707669251,1156.6896730645196,35.054000409451625,82.01490201645204,65.41730959191057,0,1,3.32
17.856033094854446,316.61827489877123,28.270577085606682,208.52571063950558,48.42796736761106,4,1,11.18
2.1435538851726452,1146.5727913980154,22.94605963563925,249.85056910860604,91.64763511019703,1,0,8.94
4.389635609173527,1194.3012233625461,33.46927327510537,68.62918933974956,84.76016694431239,2,1,6.11
20.147702171979006,882.8950863206536,27.426414543310685,80.9892704721718,76.9542779961319,3,0,31.21
7.069429825131487,1179.258104971004,16.82344654651741,172.4577511559731,35.06960131661159,4,1,15.51
28.59327198894713,726.493757523814,28.014562887204672,242.05318595814288,36.898451255086265,4,2,18.66
34.62851597229466,385.4959614936994,35.884426544698236,230.6373000838711,62.03078748122212,2,0,3.38
40.1290416058996,580.695474232183,24.115190386459073,135.66136961508454,40.44636769741407,3,2,11.73
10.4074370901181,752.9170289166645,21.815493443695402,202.87536498114667,93.58725512941581,4,0,47.09
8.790387821823954,180.3897182297165,18.29979751141446,51.221546212977245,40.30381521178161,4,1,6.3
5.676108096552812,784.5775910789707,18.483247004513217,244.81078236692284,61.68540930515831,1,1,4.52
32.003297352410016,1179.2956204385239,24.953744139861833,241.80124382827688,53.66786869469785,1,2,4.76
35.47054846110161,309.11841476210043,28.70063595571518,57.65766031220932,71.56011739451637,0,1,1.79
2.063514168869281,971.8546279172216,16.85415431890084,88.86731870471452,38.38736657781262,2,0,1.65
46.84250618906265,1098.6886731575814,36.61007754757881,43.03564942655639,57.97056782275541,3,1,14.5
3.0725785407478843,1138.071752102243,32.36807320123951,82.49504774658133,47.85582713246434,4,1,18.0
27.294168597402987,1156.149164845992,28.492350120524243,207.66983156549753,87.70384910365972,4,0,44.32
35.598495712820366,673.6056025936191,34.05408943159679,107.01258964800968,32.63807128875518,0,2,1.49
43.612971625431236,1175.038698790654,16.844295406678604,40.331302443754424,89.39228711041986,4,2,28.43
35.84730314055518,933.0412278478827,25.96729418786186,98.71187069914805,84.14461900594503,2,1,7.66
40.185540111954694,277.8385798606581,29.49214191781826,245.71816687549443,49.342096568653005,0,0,1.77
17.3027845308689,624.5901171147669,34.05901684072065,164.82722690961668,81.30389255401181,2,2,5.28
40.83384313045236,890.1642929092044,33.01979988113315,115.71701767341628,32.02888142201859,0,2,1.85
4.46568489604142,372.07434740099166,21.37259274340819,58.303858104372104,92.84626076907058,4,1,14.97
44.793424474996115,804.6767019037761,36.6402438998617,246.8206633752498,64.22867126833631,0,0,4.06
27.605822619609945,833.2605269512811,17.85995435291002,208.7952721305196,49.713266694253946,1,2,3.99
40.95623961314344,278.96971818942245,35.128073228286496,84.73977956371147,53.56790881865401,3,1,4.83
22.889755083655857,721.593843698032,37.331625740906226,36.115800015873575,34.31634797493233,4,1,12.48
32.35709591222799,948.7896020764684,19.074531034120387,33.023878196838346,94.30771841273254,3,1,28.19
26.556931716337605,648.7852309895361,31.60751947668706,47.68697438627278,32.55397643479501,4,1,13.27
36.71368132688893,113.31342845371816,15.926566931893964,153.57677423131696,72.56896300461084,3,2,4.67
4.540684110514184,109.94231598722139,24.324724978200564,233.61558687726324,58.77783530091979,1,0,1.8
3.487428157532908,492.7322783670134,26.8745158815465,134.25098844137642,91.67955418226649,3,1,21.54
12.731610083502249,1118.8134752749602,28.354840195921582,213.87746096492535,45.989983119941684,0,1,3.46
8.397461665602822,351.5444575639697,36.52655670971687,122.5539225677558,64.58564355597073,3,2,6.24
43.653286546313986,797.8000577588558,30.461765807766476,182.9742155265998,61.35315355787894,4,1,23.61
11.351092374223194,344.28345776265263,26.06939287804245,188.3307295758952,75.68631886325659,2,1,3.6
48.805330163047,453.83698862550347,33.62252583411545,60.011652357767886,34.42066507690733,3,0,5.43
17.176341692669787,1032.8462985616325,36.8622548819514,103.07969356443671,42.596293451518065,3,1,10.39
9.514836826590615,901.7475864969416,15.50752141969269,166.5794960037455,43.946713306035235,3,2,11.78
39.59007610355272,204.9392050445317,37.59798926188889,36.26021988240422,77.97979906470982,4,0,7.77
33.10603488729337,571.572223085077,16.981039198464646,103.15424318548001,42.2940152612381,3,2,6.86
25.16068796443038,132.0867400097909,33.73089592318151,143.00387724467427,67.27696465291348,4,0,8.25
27.990495771412746,628.97916126331,21.447699308682488,249.1316334002669,43.99084833256199,4,0,18.09
36.10048802447706,828.6774128711749,18.04013212833905,129.14271940316138,86.0056217554586,2,1,6.64
11.808509695899287,230.35288595796672,25.1166797134182,207.69305413629442,91.2420545418265,0,1,2.27
49.818528844808725,417.7734328000822,29.81100132729511,119.37547556532208,63.70204337124563,4,1,15.52
48.75226152626576,537.6202880523726,23.761892435539927,203.16986620253306,52.90007747359659,1,2,2.93
32.69112147417338,1111.4841271216546,16.255004390502076,156.94540437262492,45.21375537613744,3,1,16.04
10.377351320992684,1192.5805169652604,28.787606212150482,223.91695154555163,33.235765098997845,1,1,2.44
34.17129800034892,149.40242889517745,35.75527535054552,114.51678704052527,47.4525049528372,3,0,1.76
4.073821244469205,937.1087158449312,23.813953416786788,158.99001655894014,72.52532569644566,2,1,6.54
2.0172988591874,508.89647304257755,19.975653885509022,164.9042965423303,64.68510053509871,4,1,16.09
13.255302981305077,531.704004852428,25.179278956454752,115.99807661410885,91.36268308826028,0,1,3.79
23.399836358596158,929.6914706817249,16.11234235412196,53.19177004812075,55.75802206196054,4,1,22.85
43.47948901771483,1110.2690753599495,33.87121444304632,41.518663589837175,75.10111725134564,3,0,19.21
36.494868953432245,1146.0214539528033,34.00583865185429,23.834456637915615,61.80597858588289,0,1,3.12
37.26397279939906,734.8348446421529,28.52401065888145,220.91288077639936,63.31745403507376,4,0,32.3
21.56192005517973,492.8332752305531,23.121366445582957,74.38922981489975,47.40533044926764,0,2,1.8
17.623782131074666,966.3039944446572,33.395017382253016,68.64655233480664,59.571800494729985,3,1,15.11
18.866418767737834,376.10152158853026,27.757801570132443,189.28814209799506,60.60102480582597,2,1,3.02
49.388653404934864,720.4814317168696,33.996443096650374,93.6037060101001,75.9317639136807,2,1,4.61
2.485404974917883,494.4363076773605,29.523552229409475,136.39027925472243,91.1415999470974,4,0,29.26
43.4180590580612,822.2941810786637,33.04132588389434,57.37754501841495,51.40588303636278,1,1,3.41
29.144432724333473,364.4388041828576,28.76694884400848,240.74151593625294,32.7430304577844,3,1,6.01
22.211463249884726,310.7522403083084,24.525244568960325,215.8637220039646,62.25918315754158,4,2,12.26
36.400254190549255,1110.0629953429807,37.03275477830117,218.67161328195075,65.38998658969595,4,0,28.07
24.59011260052279,211.9840512444906,27.445617972213427,113.5579621715612,40.94863582357449,2,0,1.42
43.7344502850422,656.5536985084249,28.917058926432382,195.34307915264975,79.43019940794434,0,2,4.66
45.0847422685573,342.93806125930985,20.071215706539235,53.09151573964944,94.02039204869696,3,0,15.7
21.375185880236042,142.8229596582342,29.389968156827358,21.982370596109465,91.47535660554996,0,1,1.46
14.202975963135053,139.62070012056904,28.14697593810771,24.59377449294647,42.811892523537395,3,1,3.16
29.82134126537143,292.74394931641007,19.251283152781575,154.9183996030489,86.89861059354945,1,2,2.56
45.6619856080262,1053.4473899566003,16.370503239122307,124.74082820702638,75.7920863667595,2,0,6.28
10.927778355780495,410.7266183747293,28.900264353439734,139.14353024895954,59.50002664744925,1,0,2.65
31.336845886392396,1145.5050876328253,32.56492219505737,21.716522295960463,65.13971463110738,4,0,24.69
31.762230894579766,739.784522288113,27.03823153120619,117.21792252120791,85.22401137385978,2,2,7.39
36.78909460955641,580.2756087456428,20.215770382351852,185.15567707619797,61.20877107649426,4,1,21.18
7.01260041379936,738.0977181364001,30.330005463939806,121.81955145251024,54.25847899183324,1,2,3.21
35.93333575176339,668.3682237488946,16.84243171202085,188.41041745181113,62.061087046689074,3,1,21.11
45.49710977294923,934.6538791330577,25.162175210444957,73.594361811272,67.64343726227818,4,2,31.33
9.394313889076978,410.7456725701375,18.757435443163665,207.02266103079685,42.290047495592674,0,1,1.12
12.258394583731944,488.35543076033264,19.242558174377315,155.33918530429403,88.55900246735439,3,0,19.55
48.58405715506116,1083.5037327865757,19.652760830638684,68.47551286887844,73.8221516739249,3,0,23.72
9.458359159119743,1141.102164465446,23.89426231201149,74.44570944638158,71.16247962693677,1,0,6.12
42.79206212179417,1081.814050235122,16.176454729269146,164.44700685099352,36.46725470174148,1,2,3.02
24.86775389417772,561.3927933530449,24.14924914136926,210.886106438862,69.27130598121846,2,2,4.8
12.737938182957263,958.4020533075699,26.76927128363812,115.5943898667057,37.862443045502005,2,2,3.35
43.60212011298931,623.9693066312087,26.11576855422548,79.4090986993462,35.11534888770094,0,0,1.7
22.54261012263194,647.2938373607124,23.804034309269934,219.4126695894381,64.27520821675557,3,1,25.8
25.983459019519664,325.1481199630124,34.30037198562731,173.93170710269203,56.18105971302217,0,0,1.73
18.282051785288402,750.2433335843681,18.342513925671597,123.0596620751076,68.2726675601545,0,0,3.89
29.851067146028907,304.7494875286827,26.6310251069716,132.2170449142394,35.79944092372051,1,1,0.5
8.594431692958628,464.72116897391317,16.42695259000075,66.97898762537118,58.0138990850718,0,1,2.04
19.858536064262154,1040.5332217819287,16.636580614191924,164.1646049149141,41.36113647793527,0,1,2.19
48.48590995559673,327.78339013194073,28.198914542573213,102.51077742486439,94.16150558506757,4,1,18.52
13.277604918705814,178.2741136907761,28.01842377241988,248.99839063510032,66.47476380828633,2,0,2.51
33.00846489479397,175.90835187409795,35.194770795422514,130.4422085102342,74.68339596115638,2,2,0.76
16.596908179122398,1134.8629725534188,27.83109454018168,131.75368942361104,51.15218824436951,3,0,19.08
38.78691972148673,657.612481758018,37.07519346931156,150.14591110445454,36.15802946065737,2,1,1.97
6.9782462055583165,550.3532789987202,16.119981513198386,230.85388071731174,93.43160608092988,3,2,20.45
48.50614173138796,991.9664391087102,17.254176749957043,204.18816296774256,48.60683729990691,4,2,19.82
22.962582298490144,1019.4085207015676,16.01351481611877,123.75991605350353,57.54753203628232,2,0,4.94
12.184497935649965,465.41013642716507,19.26136755767142,185.30083117374306,72.24115491066738,4,0,24.91
4.138088992835627,862.9798632211748,27.449212551658597,154.83416471957517,31.605324349597232,2,0,3.52
8.903016301833267,948.2350974370752,29.848160172830845,133.24442120128725,82.66684348362365,2,2,7.41
26.228810453522875,820.11575555255,16.048458632819383,64.23262774040063,64.87758235186033,4,2,19.55
17.181657233348673,266.7545822801093,36.757330466448785,126.70534059462491,48.084117159473436,0,2,1.13
41.52972661118917,1063.4713918687626,34.36980366295876,76.53827501519217,34.0045190440105,0,1,1.55
21.828932421259395,693.0040080096096,21.82208708961314,230.41369446588058,40.56239700583869,0,1,2.33
12.81135649308768,410.7196690070041,16.775313195208764,97.1435671041598,88.17720082547339,0,0,2.39
31.04867683689949,567.7510039814633,18.907402684038317,239.02072334267564,74.59157455583292,2,2,3.72
35.48547223582957,141.32819943879812,17.919721516364373,142.60271672178357,46.24361190639784,1,0,1.41
8.768574441097018,240.65348134465933,17.835526923875776,165.25520709551688,34.26404972142692,4,2,1.28
8.797151206271725,942.1014255674469,26.92691883931188,144.87630223254538,74.88999530513135,1,0,7.16
2.315235633210377,100.01279823090276,20.654491177348206,49.7575419023412,67.20650218790473,1,1,1.28
36.9518997457492,558.2224113305214,23.237213480170322,106.43888037182643,56.29376908978527,3,2,10.95
33.35832411727935,674.7611991941473,37.75862266783942,42.8036058238535,53.63474419735415,0,1,1.56
23.99422834961579,160.09786200106953,30.73922772528293,163.2794301621778,44.09292793539204,2,2,1.21
42.286437223975256,1170.3859792695662,36.82655534208103,122.78106489610096,73.52473167493864,0,0,3.32
40.38067257102763,348.7378643746391,18.27880076576166,198.93654346131547,93.09342180660158,0,2,2.69
29.47504103763923,434.61859159990894,23.789207921149092,70.70821062985506,41.42149097939368,1,1,1.11
43.4794283854063,434.33676348053007,27.758831475494148,57.85019343874703,68.81258030100773,3,2,10.49
10.689139896820029,353.4583283290849,16.765435423440973,113.4564131216666,57.57202862348845,0,0,1.61
6.04002116018753,101.62120429494256,15.096311203443031,233.11463814022767,59.03476691340322,4,2,8.1
13.852605770090985,902.279273496796,30.419989677329102,183.3970174528547,46.51957320830793,4,1,22.37
3.3257993764210854,1163.5300497792139,29.761848886433015,116.3524337023713,83.63376691799223,0,0,5.12
26.792891636051085,346.7228316135496,24.448142629991068,138.9725990434914,61.54161426957067,1,1,2.13
46.86198176860059,829.3519109837647,26.26181374873675,39.368992570732615,65.32138039288716,1,2,4.71
2.4475052630912275,916.0859596545866,24.55518901361806,246.452456166506,49.809459331826176,2,1,5.46
6.5444407434963265,1033.2679169995772,15.552116031432444,173.27368007983137,41.81755026835174,3,2,13.05
22.883851900030045,564.89211671497,22.713546943001635,85.64293574658717,35.58417523318333,1,0,2.13
46.726813367631294,433.22399620447214,19.072891874137667,154.7359306695062,76.41774416011953,2,1,4.23
16.14972719634915,457.8246474253342,17.26375634933148,45.18094419586862,42.75522830971062,4,1,7.45
25.608123030075426,883.8834664083641,37.00456997945504,242.1424338257442,74.85489802227185,4,2,24.37
2.557856522994409,998.4574131561997,28.78527367596981,60.20054721317417,55.374468993052005,4,1,19.38
7.842988447623399,299.7753645322629,31.75909453744186,169.04697315269925,57.025362064327346,0,1,1.39
49.33819108646292,508.03510897354175,22.253366095120704,76.454526383954,60.49653724603016,3,0,11.78
48.27337547358425,1092.134216424065,24.042383978362352,185.03911800916322,53.901053028290306,2,2,4.99
0.744529056253276,987.3628716642131,20.44925185962464,198.66891446526463,36.54029851946836,3,2,13.27
47.61468337845033,1183.3442430387233,17.23021043220477,174.8865376496295,50.12606765018498,0,0,3.05
32.13643692186727,929.6730856502888,19.117727661156426,161.3348758586943,73.14273344510599,2,0,7.17
43.4619555787411,532.5147211307145,33.34282304181917,225.26789160896269,73.27598609547661,2,2,4.48
23.009622853876024,749.7016173941015,30.583553519226847,38.08414352764435,48.60457997059963,1,0,3.35
26.022003414672888,827.1156796720524,27.57936414766597,96.1103961294449,59.906670726249715,3,0,20.19
24.69790572271755,186.30139794883632,25.927067075935668,77.10612031509457,42.57406982077593,3,0,5.24
33.509780748532165,698.9466550142516,36.21598852409086,247.24321127504697,43.67418529943933,1,2,2.62
7.412737110437488,880.2529113198706,16.672903798909374,109.55964932338091,31.49806074642948,4,0,11.91
1.9836926986975587,284.05343440116644,21.453818704472067,188.5009208252917,88.28852574400341,0,1,2.3
15.74253210876395,958.6948891681128,23.048570632126424,177.48678769263105,43.6959332298689,3,1,17.8
35.38169775546401,742.1500585655228,32.995793680894124,68.77868461979688,44.789702000870115,1,2,2.39
10.491745880085944,1147.4439642673542,37.827836263725345,74.9694664486568,48.174093121933566,2,0,2.8
33.83490544958341,146.66452802758087,20.53542183941452,84.69544961719784,38.281524660202884,1,1,0.8
48.510646282309885,391.8587513110137,35.109068685152856,114.55927399965722,71.55208740678859,4,2,15.96
5.14808543157621,761.7092672298065,34.104323489931204,73.89476509962117,34.88429195654312,0,1,1.55
33.79380485214375,426.21590342652377,20.167120145760634,24.519841031774995,38.723157711212764,4,0,10.63
22.46563585557627,885.8665804783665,24.18464934458212,222.26040306565497,71.90918722835605,2,2,7.38
43.47304159168652,934.9058107741241,24.42247599372794,242.09026121760334,52.077940331293775,2,1,5.44
9.268914577645603,212.7675604731219,37.49907537611084,98.56118901726063,76.01660873557728,2,2,1.28
34.784984635195144,665.2399106274445,19.160513731714662,97.85658226785876,66.23260840355923,2,1,4.48
41.98670683758146,659.7796111501615,33.38063333540998,21.631116938105325,46.64137624899835,1,1,2.42
47.25840386396415,506.2088472370952,22.68643242598153,176.45765831598604,72.30381678180632,2,0,6.15
34.32077740033747,1126.2173488266394,31.810017952851688,209.8511760221846,37.55778921903724,2,0,3.76
25.11015081841715,1010.2569518605434,24.660253098800247,53.719909082800726,64.86667490020199,1,1,4.25
31.083438389960087,866.9303201006004,28.30227455168042,56.72326035444467,58.41462682792725,2,2,3.69
43.51079673169655,885.7592993084974,34.15007078650102,201.71914749343068,47.411782883133654,4,2,17.26
28.745182458622068,607.887758194431,33.49580799462933,161.74687212145326,69.26032485306752,4,0,20.92
2.0041594549934247,1113.0939732062334,34.927733221413106,30.317928254374912,86.63668350211836,3,1,22.79
46.5819604275954,864.0549699786139,16.371198482927156,163.1858078063248,94.92880548459999,4,0,42.3
34.63157417606227,901.8791678213981,30.91716271991413,91.05107625406619,69.50457996832259,0,1,3.83
33.9874125959737,1047.8599941660798,18.219709664600547,104.80678575829457,56.305881831396064,0,1,3.33
11.175920043687,401.4787482764101,24.563827064423453,197.03822620828245,44.638461514053105,0,0,1.93
33.114830776516534,987.7779942533733,27.617533546257835,206.51509431470043,46.711245810682264,1,2,4.48
19.996288079880845,314.76466325214125,24.263008149177107,112.08202417316105,61.164573579734764,4,0,13.81
32.73603236355386,479.87614746937663,26.951068543469173,237.8451752814616,53.8730505832461,0,1,2.81
5.776355000245541,469.17149969682697,37.92010510236824,113.4864251289766,89.39794397062138,3,0,12.71
33.063342577850285,1176.3780152280547,18.10999821539566,197.52228810292527,53.93920539762112,1,2,3.37
49.970979425648,1042.1909461227197,30.535489042737787,131.2917708497796,54.27389842445331,3,2,18.16
2.8864959235975234,871.2868477492857,24.10802222686915,226.43243510007932,54.9297433082085,4,1,25.7
48.87012211895521,899.7624377769291,18.05922537486856,228.78508603954108,84.38031367389777,2,0,8.29
20.641944055782094,718.2800738428282,18.65094555760912,40.105865810349286,72.30124085504862,3,2,20.16
43.60229579169433,1141.7997338193709,36.833281443649184,235.3934662013519,69.92097527072802,2,0,5.81
39.22808146088454,645.8846281705977,35.23083442437053,209.8730135496956,51.71929645495104,1,2,2.31
28.567304918840055,518.569480856884,35.86196508954551,202.00146429191338,83.16377149410857,3,1,18.51
37.05323585794066,279.33887062475014,37.80525384402989,66.20960812767015,32.49365098812057,3,1,6.54
43.98652028441672,964.8262174871638,19.791253970195914,205.17741801357292,86.60181620197736,1,0,7.28
20.504945921726133,907.8883252831506,23.17510475937342,215.53052897755848,63.328743486605426,1,1,6.05
16.688141497380315,522.7905423765484,30.392037688271934,86.50457692445472,55.88626526612183,0,2,1.7
33.54587258539745,127.7127553551523,26.127458416794887,239.01981802333447,62.315873246649566,4,1,10.01
40.4883741260923,1022.8970604898118,24.62295926770167,31.467833671807778,73.38200948469901,3,2,22.95
38.23311417144248,112.559781799481,23.22965873471864,54.47912824684212,30.82975272366333,3,2,1.58
39.99177561850241,874.0697575919561,28.656954534699402,143.6436617518483,86.6508706697861,1,1,6.94
22.06137408324018,1167.2828206986628,28.238648858721888,152.43226835813124,59.038069145240534,1,2,3.78
40.98279370066357,581.4274609630238,18.713530183477523,168.38451915920777,52.29282378050508,4,2,16.07
6.450348240845118,358.47074549554804,25.8500162629241,23.902899742557285,38.98596176621371,1,0,1.76
27.452210349062053,875.3581110477198,27.729850852826548,240.88435816308996,58.56524933329874,2,0,7.16
0.7850536946570177,998.8409562171437,28.11659959082198,30.255261328853116,62.26098013348462,2,0,5.53
16.56699858006338,701.073347685632,19.83246543698409,52.904249126382545,56.23703514207605,2,1,4.53
18.639845976134193,1163.7388027817608,32.072242021802595,23.223339030993106,74.11290609874831,2,0,5.47
20.110548234658143,156.83559382375722,15.579579180884602,150.3774396576418,57.35827436934969,4,2,2.91
34.92562673114818,655.275158134981,23.16113267749274,234.42138330182362,92.49214256002728,3,1,33.44
19.733626012882112,890.299342054805,32.94489091631957,173.16784819850676,68.95303865853347,2,1,5.66
22.710334319815267,1048.9045182640969,27.96953718427425,209.2112177504983,82.48606581737408,1,1,6.19
12.25843447827921,297.18117309856905,21.006735947749785,23.05467679547342,37.10813370211613,2,1,0.54
18.975963685652335,980.0038299400495,30.983921744890097,144.66351865033698,55.82393404148387,4,2,19.12
11.749846549525998,707.9777832903998,28.049991715589687,125.69948482627004,51.89510059406493,1,2,3.06
4.12319822653796,536.2090501889595,33.3136030174969,134.7626271707824,67.01635522887847,2,0,3.8
30.370705372378207,244.88653143700293,31.905579282365938,36.60903262709323,85.97237880399265,3,1,6.98
33.576533528473306,1051.8253347998036,29.032482206833397,177.42013304594073,35.09198415453044,1,0,2.77
31.164772127475917,273.0005289976869,26.228086532148723,135.74069541748594,34.7173618729062,1,2,0.5
23.442955168128332,440.7666451300092,18.06318889035304,195.9842354680907,85.27065103024393,3,1,17.67
19.299396118871876,419.0500851586806,21.010659411363825,131.61684583419452,43.83525559249323,1,2,1.7
43.23501565380535,1058.5554376099399,24.63928787709296,54.357776332079375,73.46896153923788,2,0,7.06
